,name,e,kobs,metal_ions,buffer,temperature,doi
0,E0,TTCAGCGATGCACGCTTGTTTTAATGTTGCACCCATGTTA,0.002,['Mg2+'],"1 M NaCl, 50 mM HEPES pH 7.0, 1 mM MgCl2",23.0,10.1016/1074-5521(95)90028-4
1,E1,TACAGCGATTAACGCTTATTTTAGCGTTACACCCATGTTA,0.02,['Mg2+'],"1 M NaCl, 50 mM HEPES pH 7.0, 1 mM MgCl2",23.0,10.1016/1074-5521(95)90028-4
2,class 9_sel_b,GAGCCTGTTAGGAAGAGCTTACCCAAGAAGGGGTGGAGCCGCGACGTTAGTGTCCGGCGGCATTGGTCAAAGC,0.000485,[],"20 mM Histidine, 125 mM NaCl, 125 mM KCl, 50 mM Na2HPO4/NaH2PO4 pH 7.0, 0.5 mM Spermine, 20 µM EDTA",37.0,10.1006/jmbi.1997.1036
3,class 16_sel_b,CGTCAATTTGTATTCAAGCGGCGACTGAAGGTTAAAGCTTACCCAAGAAGGTGCGGAACTGCCCGGCCATCTCA,0.000107,[],"20 mM Histidine, 125 mM NaCl, 125 mM KCl, 50 mM Na2HPO4/NaH2PO4 pH 7.0, 0.5 mM Spermine, 20 µM EDTA",37.0,10.1006/jmbi.1997.1036
4,class 25_sel_c,CGCTACAGTTAAGGGAACCAAGGCGGGTGTCCGGTAGAGCTTACCCAAGCAGGGGCGTGACGTCTTGTGGTGT,0.000141,[],"20 mM Histidine, 125 mM NaCl, 125 mM KCl, 50 mM Na2HPO4/NaH2PO4 pH 7.0, 20 µM EDTA",37.0,10.1006/jmbi.1997.1036
5,class 1,TTTTGTCAGCGACTCGAAATAGTGTGTTGAAGCAGCTCTA,0.15,['Zn2+'],"1 mM ZnCl2, 500 mM NaCl and 50 mM HEPES pH 7.0",31.0,10.1093/nar/28.2.481
6,class 2,TAGTTCTACCAGCGGTTCGAAATAGTGAAGTGTTCGTGA,0.15,['Zn2+'],"1 mM ZnCl2, 500 mM NaCl and 50 mM HEPES pH 7.0",25.0,10.1093/nar/28.2.481
7,class 3,CAAAGATGCCAGCATGCTATTCTCCGAGCCGGTCGAAATA,0.02,['Zn2+'],"1 mM ZnCl2, 500 mM NaCl and 50 mM HEPES pH 7.0",31.0,10.1093/nar/28.2.481
8,G3,TTTACCCAAGAAGGGGTGCGTACTATGCTACCTTATTAACG,0.003,[],"1 M NaCI, 50 mM HEPES pH 7.0",23.0,10.1016/s1074-5521(97)90244-1
9,10-23,GGCTAGCTACAACGA,0.0037,['Mg2+'],"2 mM MgCl2, 150 mM NaCl, and 50 mM Tris⋅HCl pH 7.5",25.0,10.1073/pnas.94.9.4262
10,Na8,TTGACCCAAGAAGGGGTGACTACTTTGCTACGTTATTCCAC,0.007,[],"0.5 M NaCI, 50 mM HEPES pH 7.0",23.0,10.1016/s1074-5521(97)90244-1
11,VMA15,AAAGGGCGGGCAAACTCTGG,0.01,['Mg2+'],"50 mM Tris-HCl pH 7.5, 150 mM NaCl, 5 mM MgCl2",37.0,10.3410/f.734143455.793565731
12,VMA8,AGTCGGCCCCAGCTGGTTCGC,0.0045,['Mg2+'],"50 mM Tris-HCl pH 7.5, 150 mM NaCl, 5 mM MgCl2",37.0,10.3410/f.734143455.793565731
13,VMC10,GGGTCTCCAGCTGGACGTTA,0.0043333333333333,['Mg2+'],"50 mM Tris-HCl pH 7.5, 150 mM NaCl, 5 mM MgCl2",37.0,10.3410/f.734143455.793565731
14,class II,AGGATTGGTTCTGGGTGGGTAGGAAGTTAGTGTGAGCCG,0.0015,['Histidine'],"50 mM L-Histidine (pH 7.5), 0.5 M NaCl, 0.5 M KCl, 0.5 mM EDTA",24.0,10.1073/pnas.95.11.6027
15,HD2,TTGATCGGGGCTGTGCGGGTAGGAAGTAATAGTGAG,0.2,['Histidine'],"5 mM L-Histidine (pH 7.5), 0.5 M NaCl, 0.5 M KCl, 0.5 mM EDTA",23.0,10.1073/pnas.95.11.6027
16,pH4DZ1,TGTATGCTAGCTCGGGGAGAAACATCTTTGCGGGATAAGGCCGCCGATAGAGCGGAAGCGACTTGGTTGT,1.1,['Mn2+'],"400 mM NaCl, 100 mM KCl, 8.5 mM MgCl2, 5 mM MnCl2, 1.25 mM CdCl2, 0.25 mM NiCl2,  citrate pH 4.0",23.0,10.3410/f.1014625.194180
17,pH5DZ1,TGAATAGGGTCTCGGGCATAAATTACGGAAACGGTTTTAATTTTCTAGTGGAAAGGTCCGATAACGAGGT,0.72,['Mn2+'],"400 mM NaCl, 100 mM KCl, 8.5 mM MgCl2, 5 mM MnCl2, 1.25 mM CdCl2, 0.25 mM NiCl2,  citrate pH 5.0",23.0,10.3410/f.1014625.194180
18,pH6DZ1,ATCGGACAAGGGAGGCACTGGAGGTTGAGGTAGTGAGCGTTGGTTAACGCCGGACAAAGGGAAGCATGGT,0.25,['Mn2+'],"400 mM NaCl, 100 mM KCl, 8.5 mM MgCl2, 5 mM MnCl2, 1.25 mM CdCl2, 0.25 mM NiCl2,  MES pH 6.0",23.0,10.3410/f.1014625.194180
19,pH7DZ1,GTGGAACCCATGATGAGCCGAGTTGGGGTGTGTCTCTCGTATATGGCGGAAGTGGGACAATAGTTGAGT,1.3,['Mn2+'],"400 mM NaCl, 100 mM KCl, 8.5 mM MgCl2, 5 mM MnCl2, 1.25 mM CdCl2, 0.25 mM NiCl2,  HEPES pH 7.0",23.0,10.3410/f.1014625.194180
20,Dz15_group4,TTACAAACCCCAAACCTTCTCTT,0.012,[],"HEPES 50 mM, pH 7.0, NaCl 100 mM, CdCl2",37.0,10.1002/open.201600141
21,AA07,GGGTTCGGTGGAGCGGCGCGA,0.0011,['Mg2+'],"500 mM Tris-HCl pH 7.5, 1.5 M NaCl, 5 mM MgCl2",37.0,10.1002/ange.202006218
22,AA14,TGGTCTCGCGGTTCCTGGTTA,0.0066,['Mg2+'],"500 mM Tris-HCl pH 7.5, 1.5 M NaCl, 5 mM MgCl2",37.0,10.1002/ange.202006218
23,AA17,CCTGCAAGGAGGTTTACCGGG,0.0065,['Mg2+'],"500 mM Tris-HCl pH 7.5, 1.5 M NaCl, 5 mM MgCl2",37.0,10.1002/ange.202006218
24,AB08,GGGAAGCCAGTGGTACGTT,0.0086,['Mg2+'],"500 mM Tris-HCl pH 7.5, 1.5 M NaCl, 5 mM MgCl2",37.0,10.1002/ange.202006218
25,6SE3,CGCTAGATACGTGAATGTGTTTGACAGAGCCGGTCATCAA,0.0018333333333333,"['Mn2+', 'Mg2+', 'Zn2+']","70 mM HEPES pH 7.5, 1 mM ZnCl2, 20 mM MnCl2, 40 mM MgCl2, 150 mM NaCl",37.0,10.1021/ja4032488
26,6SE10,CGATAGATAACGGGGTGGATTTGCAACCGCAGTACATATA,0.023,"['Mn2+', 'Mg2+', 'Zn2+']","70 mM HEPES pH 7.5, 1 mM ZnCl2, 20 mM MnCl2, 40 mM MgCl2, 150 mM NaCl",37.0,10.1021/ja4032488
27,6SE11,GGCTAGAGAAGCGAGTGTGTTTGCTACAACGGGCCGTTAA,0.00045,"['Mn2+', 'Mg2+', 'Zn2+']","70 mM HEPES pH 7.5, 1 mM ZnCl2, 20 mM MnCl2, 40 mM MgCl2, 150 mM NaCl",37.0,10.1021/ja4032488
28,6SE12,CGATAGATACGTAGGAGCGTTAGCTATAGCCGTACATAGA,0.0016666666666666,"['Mn2+', 'Mg2+', 'Zn2+']","70 mM HEPES pH 7.5, 1 mM ZnCl2, 20 mM MnCl2, 40 mM MgCl2, 150 mM NaCl",37.0,10.1021/ja4032488
29,6SE15,GGCCATATAACTCGGAGAGTTTCCTAGAGCTGTGCGTGAA,0.0009166666666666,"['Mn2+', 'Mg2+', 'Zn2+']","70 mM HEPES pH 7.5, 1 mM ZnCl2, 20 mM MnCl2, 40 mM MgCl2, 150 mM NaCl",37.0,10.1021/ja4032488
30,6SE22,GGCTAGGGAAGCGGCTACGTACACCTCAGCGGGCACATAA,0.0031666666666666,"['Mn2+', 'Mg2+', 'Zn2+']","70 mM HEPES pH 7.5, 1 mM ZnCl2, 20 mM MnCl2, 40 mM MgCl2, 150 mM NaCl",37.0,10.1021/ja4032488
31,6SE30,GGCTAGAGAAGCGGATGAGTTTCCTATAGATATCCGGCCA,0.0063333333333333,"['Mn2+', 'Mg2+', 'Zn2+']","70 mM HEPES pH 7.5, 1 mM ZnCl2, 20 mM MnCl2, 40 mM MgCl2, 150 mM NaCl",37.0,10.1021/ja4032488
32,9SE20,CGCTAGATAAGTGGGCGCGTTTGCTGTAGTTGTCCTACGA,0.002,"['Mn2+', 'Mg2+', 'Zn2+']","70 mM HEPES pH 7.5, 1 mM ZnCl2, 20 mM MnCl2, 40 mM MgCl2, 150 mM NaCl",37.0,10.1021/ja4032488
33,9SE22,CGCTAGATAAGTGGATGCGTTTGCTGTAGTTGTCCTTCAA,0.0003,"['Mn2+', 'Mg2+', 'Zn2+']","70 mM HEPES pH 7.5, 1 mM ZnCl2, 20 mM MnCl2, 40 mM MgCl2, 150 mM NaCl",37.0,10.1021/ja4032488
34,9SE23,CGCCAGATAAGTGGAGGCTTTTGCTAGAGTTGTCCTTTAA,0.00085,"['Mn2+', 'Mg2+', 'Zn2+']","70 mM HEPES pH 7.5, 1 mM ZnCl2, 20 mM MnCl2, 40 mM MgCl2, 150 mM NaCl",37.0,10.1021/ja4032488
35,9SH2,CCCTATACAAGTGGGAGGATTAGCCATAGGCGTGGGGCAA,0.00145,"['Mn2+', 'Mg2+', 'Zn2+']","70 mM HEPES pH 7.5, 1 mM ZnCl2, 20 mM MnCl2, 40 mM MgCl2, 150 mM NaCl",37.0,10.1021/ja4032488
36,9SH3,GGCTAGAATAGTGGGGGCGATTGATCTAGGGGGCGCTTAA,0.002,"['Mn2+', 'Mg2+', 'Zn2+']","70 mM HEPES pH 7.5, 1 mM ZnCl2, 20 mM MnCl2, 40 mM MgCl2, 150 mM NaCl",37.0,10.1021/ja4032488
37,9SH5,CCCTAGATAAGGGGGTGCGTATTCTTTGGGTGCCCCGAAA,0.0005333333333333,"['Mn2+', 'Mg2+', 'Zn2+']","70 mM HEPES pH 7.5, 1 mM ZnCl2, 20 mM MnCl2, 40 mM MgCl2, 150 mM NaCl",37.0,10.1021/ja4032488
38,9SH18,AGGCAGAAAAGTGGGTACTCTTGTTAGAGCTCTACATATA,0.0003666666666666,"['Mn2+', 'Mg2+', 'Zn2+']","70 mM HEPES pH 7.5, 1 mM ZnCl2, 20 mM MnCl2, 40 mM MgCl2, 150 mM NaCl",37.0,10.1021/ja4032488
39,9SK1,GGAGAGCTCGTGTGTGAGAGCATTAAGTGAACTGACTGGT,0.0136666666666666,"['Mn2+', 'Mg2+', 'Zn2+']","70 mM HEPES pH 7.5, 1 mM ZnCl2, 20 mM MnCl2, 40 mM MgCl2, 150 mM NaCl",37.0,10.1021/ja4032488
40,9SK2,TACGGACGGGGCGTAGCGGATTGAACTGCAGAGCAGAGTG,0.0016666666666666,"['Mn2+', 'Mg2+', 'Zn2+']","70 mM HEPES pH 7.5, 1 mM ZnCl2, 20 mM MnCl2, 40 mM MgCl2, 150 mM NaCl",37.0,10.1021/ja4032488
41,9SK5,GGGGCAGTAGGAGGTTAGGCCAGGGAGAGAGGAAGGTAGG,0.0198333333333333,"['Mn2+', 'Mg2+', 'Zn2+']","70 mM HEPES pH 7.5, 1 mM ZnCl2, 20 mM MnCl2, 40 mM MgCl2, 150 mM NaCl",37.0,10.1021/ja4032488
42,9SK17,GCCAGCGATCAAAGACGGCGAGTTGTACCCATAGGTGTCT,0.0118333333333333,"['Mn2+', 'Mg2+', 'Zn2+']","70 mM HEPES pH 7.5, 1 mM ZnCl2, 20 mM MnCl2, 40 mM MgCl2, 150 mM NaCl",37.0,10.1021/ja4032488
43,9SK29,GAGAGTGTACGGTTACGCACTAGCTAACAGGAGTTCGTGC,0.0025,"['Mn2+', 'Mg2+', 'Zn2+']","70 mM HEPES pH 7.5, 1 mM ZnCl2, 20 mM MnCl2, 40 mM MgCl2, 150 mM NaCl",37.0,10.1021/ja4032488
44,9SK31,CCGGGCTGCGAAGTTGGCGATAAGCTACCGTAGGACGCTT,0.0010166666666666,"['Mn2+', 'Mg2+', 'Zn2+']","70 mM HEPES pH 7.5, 1 mM ZnCl2, 20 mM MnCl2, 40 mM MgCl2, 150 mM NaCl",37.0,10.1021/ja4032488
45,Ag10c,TAGGTGATTTCCACGATTATGCGGAAACAGGGCAGCGT,0.41,['Ag+'],"pH 7.5, 200 mM NaNO3, 10 μM AgNO3",25.0,10.1021/acs.analchem.6b00327.s001
46,G5_1,TCACACATCTCTGAAGTAGCGCCGCCGTATGTGACGCTAGGGGTTCGCCT,1.4,['Pb2+'],"0.5 M NaCl, 0.5 M KCl, 50 mM MgCl2, 50 mM HEPES pH 7.0, 1 mM PbOAc",23.0,10.1016/1074-5521(94)90014-0
47,class 19_sel_c,TAGCAGGGGGGGAAAAAAGTCTATCGCGTAATAGATACGACGACTGTCTGAGATTAGCCAAGAAGCTGTGGTC,0.000214,[],"20 mM Histidine, 125 mM NaCl, 125 mM KCl, 50 mM Na2HPO4/NaH2PO4 pH 7.0, 20 µM EDTA",37.0,10.1006/jmbi.1997.1036
48,Dz27_group1,CTACCCTCAAGCGACTTCTCTCG,0.036,[],"HEPES 50 mM, pH 7.0, NaCl 100 mM, CdCl2",37.0,10.1002/open.201600141
49,AC17,GGGTCTCCAGCCGGACGTTA,0.018,['Mg2+'],"500 mM Tris-HCl pH 7.5, 1.5 M NaCl, 5 mM MgCl2",37.0,10.1002/ange.202006218
50,6SE20,GGCTAGAGCAGCGGGTGTGTTTGCTATACCCGGCCCTATA,0.0088333333333333,"['Mn2+', 'Mg2+', 'Zn2+']","70 mM HEPES pH 7.5, 1 mM ZnCl2, 20 mM MnCl2, 40 mM MgCl2, 150 mM NaCl",37.0,10.1021/ja4032488
51,9SE33,CGCCAGATAAGTGGAGACTTTTGCTATAGTTGTCCTTGTA,0.0011833333333333,"['Mn2+', 'Mg2+', 'Zn2+']","70 mM HEPES pH 7.5, 1 mM ZnCl2, 20 mM MnCl2, 40 mM MgCl2, 150 mM NaCl",37.0,10.1021/ja4032488
52,9SH25,CGCCCGTTGGCAGGGTGCGCTTGTTATCGTTGTCCTGCAG,0.0004333333333333,"['Mn2+', 'Mg2+', 'Zn2+']","70 mM HEPES pH 7.5, 1 mM ZnCl2, 20 mM MnCl2, 40 mM MgCl2, 150 mM NaCl",37.0,10.1021/ja4032488
53,Lu12,TACAAGGAACGGTT,0.12,['Nd3+'],"50 mM MES pH 6.0, 25 mM NaCl, Lu3+",25.0,10.1021/ac5029962
54,NaA43,ACGTCCATCTCCAGGTCAAAGGTGGGTGAGGGGACGCCAAGAGTCCCCGCGGTTAGTGAG,0.1,['Na+'],"50 mM Bis-Tris pH 7.0, 1 mM EDTA, 10 mM sodium citrate, 105 mM NaCl",24.0,10.1021/jacsau.3c00062.s001
55,S3,AAATCCAGGGTTGGCCGACA,0.03,['Mn2+'],"100 mM KCl, 400 mM NaCl, 7.5 mM MgCl2 , 7.5 mM MnCl2, 50 mM HEPES pH 7.0",23.0,10.1093/nar/gkn396
56,S22,CAGGTAGGGGTCCCGGTCA,0.09,['Mn2+'],"100 mM KCl, 400 mM NaCl, 7.5 mM MgCl2 , 7.5 mM MnCl2, 50 mM HEPES pH 7.0",23.0,10.1093/nar/gkn396
57,S23,GGGTTCATCAAGGGGTATGG,0.05,['Mn2+'],"100 mM KCl, 400 mM NaCl, 7.5 mM MgCl2 , 7.5 mM MnCl2, 50 mM HEPES pH 7.0",23.0,10.1093/nar/gkn396
58,S9,TACTGCTTTACTGGCGGCCA,0.12,['Mn2+'],"100 mM KCl, 400 mM NaCl, 7.5 mM MgCl2 , 7.5 mM MnCl2, 50 mM HEPES pH 7.0",23.0,10.1093/nar/gkn396
59,NaA43E,GCGGCGGTACCAGGTCAAAGGTGGGTGAGGGGACGCCAAGAGTCCCCGCGGTTAGATAGAG,0.1,['Na+'],"50 mM Bis-Tris pH 7.0,  400 mM NaCl",22.0,10.1021/jacsau.3c00062.s001
60,S13,GGACAAGAGAAAGAGGTTGA,0.05,['Mn2+'],"100 mM KCl, 400 mM NaCl, 7.5 mM MgCl2 , 7.5 mM MnCl2, 50 mM HEPES pH 7.0",23.0,10.1093/nar/gkn396
61,S19,TTGGGGGGGAGAGGTGGGGA,0.04,['Mn2+'],"100 mM KCl, 400 mM NaCl, 7.5 mM MgCl2 , 7.5 mM MnCl2, 50 mM HEPES pH 7.0",23.0,10.1093/nar/gkn396
62,S15,AGTATATCAAGTGAATGGCA,0.1,['Mn2+'],"100 mM KCl, 400 mM NaCl, 7.5 mM MgCl2 , 7.5 mM MnCl2, 50 mM HEPES pH 7.0",23.0,10.1093/nar/gkn396
63,39E,CACGTCCATCTCTGCAGTCGGGTAGTTAAACCGACCTTCAGACATAGTGAGT,1.0,['UO22+'],"50 mM MES pH 5.5, 250 mM NaNO3, 0.1 mM UO22+",20.0,10.1073/pnas.0607875104
64,10-12opt,CATTTCTCGCTTTGCTGGATGTTACTTTT,0.015,['Mg2+'],"1 M NaCl, 50 mM Tris-HCl pH 7.5, 10 mM MgCl2",37.0,10.1038/s41598-019-44750-x
65,Dz12-91,ACCAACAATGATGCAGCGCATGTGTC,0.06,['M2+-independent'],"50 mM sodium cacodylate pH 7.4, 200 mM NaCl, 1 mM EDTA",24.0,10.1021/co3001378
66,Dz12-2,ACCAACATGCAGCGTTAGTGTGGGTACGCGT,0.0001,['M2+-independent'],"50 mM sodium cacodylate pH 7.4, 200 mM NaCl, 1 mM EDTA",25.0,10.1021/co3001378
67,Dz12-3,ACCAACATGCAGCGCTAGTGTGAGGCATGCTT,0.0154,['M2+-independent'],"50 mM sodium cacodylate pH 7.4, 200 mM NaCl, 1 mM EDTA",25.0,10.1021/co3001378
68,Dz12-6,ACCAACAGCTAAGTCCGCCGATTGGTGG,0.00802,['M2+-independent'],"50 mM sodium cacodylate pH 7.4, 200 mM NaCl, 1 mM EDTA",25.0,10.1021/co3001378
69,Dz12-10,ACCAACAAGTTATAGTGGTAAGCGGTTG,0.0147,['M2+-independent'],"50 mM sodium cacodylate pH 7.4, 200 mM NaCl, 1 mM EDTA",25.0,10.1021/co3001378
70,Dz12-11,ACCAACAGCACGTACCGGGTTTTTGT,0.0167,['M2+-independent'],"50 mM sodium cacodylate pH 7.4, 200 mM NaCl, 1 mM EDTA",25.0,10.1021/co3001378
71,Dz12-11b,ACCAGCATTGATGCAGCGCATGTGTC,0.0331,['M2+-independent'],"50 mM sodium cacodylate pH 7.4, 200 mM NaCl, 1 mM EDTA",25.0,10.1021/co3001378
72,S10,CGGGGTTTGGGATGAAGGGG,0.009,['Mn2+'],"100 mM KCl, 400 mM NaCl, 7.5 mM MgCl2 , 7.5 mM MnCl2, 50 mM HEPES pH 7.0",23.0,10.1093/nar/gkn396
73,Dz12-12,ACCAACAGCTAAGTTCGCCATTTGGTGG,0.00797,['M2+-independent'],"50 mM sodium cacodylate pH 7.4, 200 mM NaCl, 1 mM EDTA",25.0,10.1021/co3001378
74,Dz12-12b,ACCAACAAGTTACAGTGGTAGCGGTG,0.00734,['M2+-independent'],"50 mM sodium cacodylate pH 7.4, 200 mM NaCl, 1 mM EDTA",25.0,10.1021/co3001378
75,Dz12-13,ACCAACAATGCCAGCGGCAGTGTCGCTCGCTT,0.0001,['M2+-independent'],"50 mM sodium cacodylate pH 7.4, 200 mM NaCl, 1 mM EDTA",25.0,10.1021/co3001378
76,Dz12-13b,ACCACAGTTACAGTGGTAGCGGTTG,0.00706,['M2+-independent'],"50 mM sodium cacodylate pH 7.4, 200 mM NaCl, 1 mM EDTA",25.0,10.1021/co3001378
77,Dz12-24,ACCAACATACCGCAGCGTGATTAGTGTC,0.00831,['M2+-independent'],"50 mM sodium cacodylate pH 7.4, 200 mM NaCl, 1 mM EDTA",25.0,10.1021/co3001378
78,Dz12-26,ACCAACAGGCAGCTCGGCCCCGTTTGCG,0.00544,['M2+-independent'],"50 mM sodium cacodylate pH 7.4, 200 mM NaCl, 1 mM EDTA",25.0,10.1021/co3001378
79,Dz12-28,ACCAAAATGCAGCACTAGTGTCTGGCATGTTG,0.0001,['M2+-independent'],"50 mM sodium cacodylate pH 7.4, 200 mM NaCl, 1 mM EDTA",25.0,10.1021/co3001378
80,Dz12-33,ACCAACAGGTTTGCAGCGCGTAGTGTC,0.00914,['M2+-independent'],"50 mM sodium cacodylate pH 7.4, 200 mM NaCl, 1 mM EDTA",25.0,10.1021/co3001378
81,Dz12-34,ACCAACATCATGTAGTACGTAGTGTCGCC,0.00582,['M2+-independent'],"50 mM sodium cacodylate pH 7.4, 200 mM NaCl, 1 mM EDTA",25.0,10.1021/co3001378
82,Dz12-34b,ACCAACAGCTAAGTTTGCGTGTGGGTTC,0.0001,['M2+-independent'],"50 mM sodium cacodylate pH 7.4, 200 mM NaCl, 1 mM EDTA",25.0,10.1021/co3001378
83,Dz12-44,ACCAACAAGTTATAGTGGTAGCGGTTG,0.011,['M2+-independent'],"50 mM sodium cacodylate pH 7.4, 200 mM NaCl, 1 mM EDTA",25.0,10.1021/co3001378
84,Dz12-45,ACCAACATGCAGCGCTAGTGTGAGGCACGTGT,0.0213,['M2+-independent'],"50 mM sodium cacodylate pH 7.4, 200 mM NaCl, 1 mM EDTA",25.0,10.1021/co3001378
85,Dz12-47,ACCAACACGCAGCGCTAGTGTGAGGCTTC,0.00373,['M2+-independent'],"50 mM sodium cacodylate pH 7.4, 200 mM NaCl, 1 mM EDTA",25.0,10.1021/co3001378
86,Dz12-51,ACCAACATGCAGCGCTAGTGTGAGGCATGTGT,0.00125,['M2+-independent'],"50 mM sodium cacodylate pH 7.4, 200 mM NaCl, 1 mM EDTA",25.0,10.1021/co3001378
87,Dz12-58,ACCAACATGCAGCGCTAGTGTGGGCTCGTT,0.00648,['M2+-independent'],"50 mM sodium cacodylate pH 7.4, 200 mM NaCl, 1 mM EDTA",25.0,10.1021/co3001378
88,Dz12-59,ACCAACATGCAGCGCTAGTGTGCGGCACGCGC,0.00106,['M2+-independent'],"50 mM sodium cacodylate pH 7.4, 200 mM NaCl, 1 mM EDTA",25.0,10.1021/co3001378
89,Dz12-74,ACCAACATGCAGCGCTAGTGTGGGTCGTA,0.0021,['M2+-independent'],"50 mM sodium cacodylate pH 7.4, 200 mM NaCl, 1 mM EDTA",25.0,10.1021/co3001378
90,Dz12-80,ACCAACAAGTTACAGTGGTAGCGGTTG,0.00257,['M2+-independent'],"50 mM sodium cacodylate pH 7.4, 200 mM NaCl, 1 mM EDTA",25.0,10.1021/co3001378
91,S4,TAGGGTGGGGTTAGAGTGGA,0.04,['Mn2+'],"100 mM KCl, 400 mM NaCl, 7.5 mM MgCl2 , 7.5 mM MnCl2, 50 mM HEPES pH 7.0",23.0,10.1093/nar/gkn396
92,Dz12-86,ACCAACATGCAGCGCTAGTGTGAGGCATTGT,0.00903,['M2+-independent'],"50 mM sodium cacodylate pH 7.4, 200 mM NaCl, 1 mM EDTA",25.0,10.1021/co3001378
93,Dz9-86,ACCAACATCATGCAGCGCGTAGTGTC,0.1369,['M2+-independent'],"50 mM sodium cacodylate pH 7.4, 200 mM NaCl, 1 mM EDTA",24.0,10.1093/nar/gkn1070
94,Clone11-9,CATCTCCGAGTAAATCAATGACCTTCATCTCCCTAAACACACGTGACG,0.0201,['Zn2+'],"500 mM NaCl, 50 mM HEPES pH 7.0, ZnCl2 0.1 µM",90.0,10.1007/s00239-004-0374-3
95,Clone11-13,CATCTCCACTCCAACGGGGATTATGACATAGTCCCACTATGGTGAGTGCG,0.0106,['Zn2+'],"500 mM NaCl, 50 mM HEPES pH 7.0, ZnCl2 0.1 µM",90.0,10.1007/s00239-004-0374-3
96,Clone11-16,CATCTCAAATCGACCAATGCCATTAAGCTCCTATGTGTTCTTACTAGTGACG,0.016,['Zn2+'],"500 mM NaCl, 50 mM HEPES pH 7.0, ZnCl2 0.1 µM",90.0,10.1007/s00239-004-0374-3
97,S20,TAGGGATAGGGGATAGGGGG,0.007,['Mn2+'],"100 mM KCl, 400 mM NaCl, 7.5 mM MgCl2 , 7.5 mM MnCl2, 50 mM HEPES pH 7.0",23.0,10.1093/nar/gkn396
98,Clone11-25,CATCTCCCAATTACGGAATAAGTGAAATGTCTTAGACCTACTATTGTGACG,0.0141,['Zn2+'],"500 mM NaCl, 50 mM HEPES pH 7.0, ZnCl2 0.1 µM",90.0,10.1007/s00239-004-0374-3
99,Clone11-26,CATCTCAAGTCCAACCATCCTCAATAGTGCGGGATTAGGGCACCGTGTGACG,0.0125,['Zn2+'],"500 mM NaCl, 50 mM HEPES pH 7.0, ZnCl2 0.1 µM",90.0,10.1007/s00239-004-0374-3
100,Clone11-30,CATCTCGTGCGACAACTCGAGACGCTTTATGCTGTTTAAATTTTCCGTGACG,0.0172,['Zn2+'],"500 mM NaCl, 50 mM HEPES pH 7.0, ZnCl2 0.1 µM",90.0,10.1007/s00239-004-0374-3
101,Clone11-31,CAGCTCCGCATGTATCCCAGAGACTTACTGGCCTGATGCTAGCGGTGTGACG,0.0136,['Zn2+'],"500 mM NaCl, 50 mM HEPES pH 7.0, ZnCl2 0.1 µM",90.0,10.1007/s00239-004-0374-3
102,Clone11-34,CATCTCTACAGATAGATCAAGACGTCTGGTAGCCTTGCTGTTGGATGGTACG,0.0243,['Zn2+'],"500 mM NaCl, 50 mM HEPES pH 7.0, ZnCl2 0.1 µM",90.0,10.1007/s00239-004-0374-3
103,Clone11-42,CATCTCGCACGTCGTTTCTATTTAGGAAAGAATTAACCTAGGCCTGGTACG,0.0148,['Zn2+'],"500 mM NaCl, 50 mM HEPES pH 7.0, ZnCl2 0.1 µM",90.0,10.1007/s00239-004-0374-3
104,Clone11-43,CATCTCAAGTAATAAATCGACGACAGATTGGTTTTTTATACCCACGGTACG,0.0483,['Zn2+'],"500 mM NaCl, 50 mM HEPES pH 7.0, ZnCl2 0.1 µM",90.0,10.1007/s00239-004-0374-3
105,Clone11-46,CATCTCCCGACTGGAACCATTGGTACCCTTTAGCAAGGAGCATAATGTGACG,0.0117,['Zn2+'],"500 mM NaCl, 50 mM HEPES pH 7.0, ZnCl2 0.1 µM",90.0,10.1007/s00239-004-0374-3
106,Clone11-47,CATCTCTCTGGTTGCTGATTCGTATGATTGTCTTAACTACAGGAGCGTGACG,0.0103,['Zn2+'],"500 mM NaCl, 50 mM HEPES pH 7.0, ZnCl2 0.1 µM",90.0,10.1007/s00239-004-0374-3
107,Clone11-50,CATCTCGAACAATGCTCATGGTTTGATGACTGTTGATTGTGCGCTTGTACG,0.019,['Zn2+'],"500 mM NaCl, 50 mM HEPES pH 7.0, ZnCl2 0.1 µM",90.0,10.1007/s00239-004-0374-3
108,Clone11-55,CATCTCTGCTTCGCAGTAGGCCAATTATCTCATTCTACCTGCTTGTCGTGACG,0.0195,['Zn2+'],"500 mM NaCl, 50 mM HEPES pH 7.0, ZnCl2 0.1 µM",90.0,10.1007/s00239-004-0374-3
109,Clone11-65,CATCTCCTACCTCCACATTGAGCCGAATTGTCGCCTATTGATACGGGTACG,0.0181,['Zn2+'],"500 mM NaCl, 50 mM HEPES pH 7.0, ZnCl2 0.1 µM",90.0,10.1007/s00239-004-0374-3
110,Clone11-66,CATCTCAGTATACACGTCGTGATGAACGATAGATGCTTTTACCTCGGTACG,0.0147,['Zn2+'],"500 mM NaCl, 50 mM HEPES pH 7.0, ZnCl2 0.1 µM",25.0,10.1007/s00239-004-0374-3
111,Clone11-73,CATCTCGATAAAGGTGATTTTAGACTACACTGAGTTAGCTAATCTCGTGACG,0.0159,['Zn2+'],"500 mM NaCl, 50 mM HEPES pH 7.0, ZnCl2 0.1 µM",90.0,10.1007/s00239-004-0374-3
112,S21,GGGTGGATGGCGAGTGGCAG,0.15,['Mn2+'],"100 mM KCl, 400 mM NaCl, 7.5 mM MgCl2 , 7.5 mM MnCl2, 50 mM HEPES pH 7.0",23.0,10.1093/nar/gkn396
113,Clone11-74,CATCTCAGTAAGTGATAATCAAATCGCCCACGTAATACCTCCATGTGTGACG,0.0163,['Zn2+'],"500 mM NaCl, 50 mM HEPES pH 7.0, ZnCl2 0.1 µM",25.0,10.1007/s00239-004-0374-3
114,Clone11-76,CATCTCATTAGCGTACACATTTCATCTTACGACCCTTGTTTACCCCGTACG,0.0162,['Zn2+'],"500 mM NaCl, 50 mM HEPES pH 7.0, ZnCl2 0.1 µM",90.0,10.1007/s00239-004-0374-3
115,Clone11-87,CATCTCGGGCCACATAACTGATCCTTAAGGCCTATGAGATTGTTGTGACG,0.0165,['Zn2+'],"500 mM NaCl, 50 mM HEPES pH 7.0, ZnCl2 0.1 µM",90.0,10.1007/s00239-004-0374-3
116,Clone11-90,CATCTCCGAAGTACGTTTGTCGTTTGTTAGTTAACGAACGGGGCTGGTGACG,0.0161,['Zn2+'],"500 mM NaCl, 50 mM HEPES pH 7.0, ZnCl2 0.1 µM",90.0,10.1007/s00239-004-0374-3
117,Clone11-91,CATCTCGGGACCGTAGACCACGTGCGGAAGGTGGTCACGGCTTGCTGTACG,0.00929,['Zn2+'],"500 mM NaCl, 50 mM HEPES pH 7.0, ZnCl2 0.1 µM",90.0,10.1007/s00239-004-0374-3
118,AgB1-del-A7,TTTCGCCATCTTTAGGCGTTTCCTTTTGGAAACGGGGCAGCGTATAGTGACTCGTGAC,0.8,['Ag+'],"50 mM MES pH 6.0, 50 mM NaNO3, 10 µM Ag+",25.0,10.1021/acsomega.8b02039.s001
119,AgB1b,TTTCGCCATCTTTAGGTTTCCTTTTGGAAAGGGCAGCGTATAGTGACTCGTGAC,0.4,['Ag+'],"50 mM MES pH 6.0, 50 mM NaNO3, 10 µM Ag+",25.0,10.1021/acsomega.8b02039.s001
120,NaH1,GGAGCCATAGGTCAAAGGTGGGTGTGGTCGTATCATATCGACCAGCAAT,0.11,['Na+'],"10 µM of Co(NH3)6Cl3, 50 mM MES pH 6.0, 25 mM NaCl, 1 mM EDTA",25.0,10.1002/cbic.201800322
121,Gd2b,TCGCCATCTTGACGCATATCGTTTTCGATAGCACGTGTTAGTGACTCGT,0.012,['Gd3+'],"10 µM Gd3+, 50 mM MES pH 6.0, 25 mM NaCl",25.0,10.1021/acssensors.6b00239.s001
122,Ce13d,TTTCGCCATAGGTCAAAGGTGGGTGCGAGTTTTTACTCGTTATAGTGACTCGT,0.25,"['Ce3+', 'Cr3+']","50 mM MES pH 6.0, 25 mM NaCl, 10 μM Ce3+",25.0,10.1021/ac403762s
123,Tm7,TTTCGCCATCTTCGATACTCTCTTTGACTCGTGAC,1.6,"['Tm3+', 'Er3+']","50 mM MES pH 6.0, 25 mM NaCl, 10 µM Tm3+",25.0,10.1093/nar/gku1296
124,Bipartite I,TCTCTTTCTGCGGAGGAGGTAGGGGTTCCGCTCCAAGGGC,1.7,"['Mn2+', 'Mg2+']","50 mM Na.Hepes pH 7.0, 0.5 M NaCl, 10 mM Mg2+",23.0,10.1006/jmbi.2001.5058
125,Dy10a,TTTCGCCATCTTTATTGCGTAAAGCATCAGTTTTCTGATACAAGGATAGTGACTCGTGAC,0.6,['Sm3+'],"50 mM MES pH 6.0, 25 mM NaCl,  Ln3+",25.0,10.1021/acs.biochem.6b00132.s001
126,EtNa,TTTCGCCATCTTTTCTCACACCGTACTCGGTAAGGTTGTTAGTGACTCGTGAC,0.0333333333333333,"['Na+', 'M2+-independent']","50 mM MES pH 6.0, 130 mM NaCl, 60% (V/V) alcohol",25.0,10.1002/cbic.201500603
127,PSCu10,AAGGACCA,0.1,['Cu2+'],"50 mM MES pH 6.0, 25 mM NaCl, Cu2+",25.0,10.1021/acs.analchem.5b04904.s001
128,PSCu9,AAGTCACCCTTTTGGGTG,0.093,['Cu2+'],"50 mM MES pH 6.0, 25 mM NaCl, Cu2+",25.0,10.1021/acs.analchem.5b04904.s001
129,Ni03l,GTCGCCACTCAAGAAGAGGACCAGATAGTGAGGT,0.0105,['Ni2+'],"50 mM MOPS pH 8.0, 100 μM Ni2+",25.0,10.1016/j.bios.2020.112285
130,12-36,GCTCTTAGGAGGTAGGGGTTCCGATCCAGGTGGCTGGGTA,0.44,['metal ion dependency not reported'],"50 mM Na.Hepes pH 7.0, 0.5 M NaCl, 10 mM Mg2+",23.0,10.1006/jmbi.2001.5058
131,CT10-3.29T,CAAATTGATCGGTGGGGAGCAACTGAAAGGCGGTTGCAATGCGGATGGATGGTACGGTC,0.34,"['Mn2+', 'Mg2+']","100 mM KCl, 400 mM NaCl, 50 mM Hepes pH 7.0 at 23 °C, 7.5 mM MgCl2, 7.5 mM MnCl2",20.0,10.1016/j.jmb.2010.05.047
132,clone 32,CCATTCTCCTCTGCTGGACTATTCGGGTCTTTGTTCTCTCATGGTTGTGT,0.07,['M2+-independent'],"0.2 M NaCl, 10 mM EDTA, 50 mM Tris–HCl pH 7.5",25.0,10.1093/nar/gkh326
133,BN-Cd16,TTTCGCCATCTTCCTTCGATAGTTAAAATAGTGACTCGTGAC,0.12,['Cd2+'],"50 mM MES pH 6.0, 25 mM NaCl, Cd2+",25.0,10.1093/nar/gkv519
134,Zn01,TGTCTCTGACCTCTAGAGTGGAGCAAATCGTAAGGATCCAGTGGACGAAA,0.0033,['Zn2+'],"25 mM NaCl, 50 mM MOPS pH 7.5, Zn2+",23.0,10.1002/ange.201915675
135,Zn03,GAGTAATAGTCAAGATATAACCAGACAAATCCTTCTGCACGGAGGACAAA,0.044,['Zn2+'],"25 mM NaCl, 50 mM MOPS pH 7.5, Zn2+",23.0,10.1002/ange.201915675
136,Zn05,GATGAGAGGACCAATCACACAAATATGTGAGGTGCTGGACTCCAGCGGGA,0.04,['Zn2+'],"25 mM NaCl, 50 mM MOPS pH 7.5, Zn2+",23.0,10.1002/ange.201915675
137,Zn06,ACGGAACCAGAGGACGAAATAGATGACTTGAAAATCCAATAACGTATCCA,0.0021,['Zn2+'],"25 mM NaCl, 50 mM MOPS pH 7.5, Zn2+",23.0,10.1002/ange.201915675
138,614,ACATCATGCGAGCACACGCAATAGCCTGATAAGGTTGGTAG,0.00025,['Mg2+-independent'],"2 M NaCl, 2 mM MgCl2, 50 mM HEPES pH 7.0",25.0,10.1021/bi049898l.s001
139,62/615,ACACGCACGGACTTGTACGTATATAGCGTAAGGTTGATAG,0.0008166666666666,['Mg2+-independent'],"2 M NaCl, 2 mM MgCl2, 50 mM HEPES pH 7.0",25.0,10.1021/bi049898l.s001
140,616,ACTGCACAATCCAACACCGATTGCAAAGGTTGTTAGGG,0.0005666666666666,['Mg2+-independent'],"2 M NaCl, 2 mM MgCl2, 50 mM HEPES pH 7.0",25.0,10.1021/bi049898l.s001
141,625,TGTGCTAGGTGTTCTCTGAGCCAGACGTTAGTGTAGTTAAG,0.00075,['Mg2+'],"2 M NaCl, 2 mM MgCl2, 50 mM HEPES pH 7.0",25.0,10.1021/bi049898l.s001
142,OA-1,GTTGCGGGTCCAGGAAATTATAAAGCCTCTCGGGTTTTTTCGCACGGATTCGGTAA,0.47,"['Ni2+', 'Co2+']","50 mM Hepes pH 6.8, 0.4 M NaCl, 100 mM KCl, 7.5 mM MgCl2, 5 mM MnCl2, 1.25 mM CdCl2, 1 mM CoCl2, 0.25 mM NiCl2, 0.002% (v/v) Tween-20",23.0,10.3410/f.1031738.368847
143,OA-2,GTCCCGGTCGCGAGGGCGTCTCTGCAATAAGCTGTGAAGCCGCACGGAGTTCGGTAA,1.6,"['Ni2+', 'Co2+']","50 mM Hepes pH 6.8, 0.4 M NaCl, 100 mM KCl, 7.5 mM MgCl2, 5 mM MnCl2, 1.25 mM CdCl2, 1 mM CoCl2, 0.25 mM NiCl2, 0.002% (v/v) Tween-20",23.0,10.3410/f.1031738.368847
144,OA-3,ATCCATGATGACGACTCCATTGGAGTCGGGAAGTTGGAAATGCCGAATGCGGTAA,1.0,['Mn2+'],"50 mM Hepes pH 6.8, 0.4 M NaCl, 100 mM KCl, 7.5 mM MgCl2, 5 mM MnCl2, 1.25 mM CdCl2, 1 mM CoCl2, 0.25 mM NiCl2, 0.002% (v/v) Tween-20",23.0,10.3410/f.1031738.368847
145,OA-4,GGAACCAAATATTGTAAATATTCATGGCTGGCGGGAGGATGCACGGAGTTCGGTAA,0.46,"['Mn2+', 'Ni2+', 'Co2+', 'Cd2+']","50 mM Hepes pH 6.8, 0.4 M NaCl, 100 mM KCl, 7.5 mM MgCl2, 5 mM MnCl2, 1.25 mM CdCl2, 1 mM CoCl2, 0.25 mM NiCl2, 0.002% (v/v) Tween-20",23.0,10.3410/f.1031738.368847
146,OA-5,AGAAGTGCACTTTGATTAAGTGCAGCCTGGTGAATAGTTCGCATGGAGTTCGGTAA,0.24,"['Mn2+', 'Co2+']","50 mM Hepes pH 6.8, 0.4 M NaCl, 100 mM KCl, 7.5 mM MgCl2, 5 mM MnCl2, 1.25 mM CdCl2, 1 mM CoCl2, 0.25 mM NiCl2, 0.002% (v/v) Tween-20",23.0,10.3410/f.1031738.368847
147,OA-6,GCTAAGGGGGTCAGACGCAAAGTCGAGTTGCATAACTCCAGGCACGGAATGCGGTAA,0.17,"['Ni2+', 'Co2+']","50 mM Hepes pH 6.8, 0.4 M NaCl, 100 mM KCl, 7.5 mM MgCl2, 5 mM MnCl2, 1.25 mM CdCl2, 1 mM CoCl2, 0.25 mM NiCl2, 0.002% (v/v) Tween-20",23.0,10.3410/f.1031738.368847
148,clone11,TTGTATTAGCTACACTGTTAGTGCATCGTTTTTAATCTCG,0.175,['Co2+'],"50 mM HEPES pH 7.0, 500 mM NaCl, 1 mM CoCl2",25.0,10.3410/f.1007304.93855
149,Ce5,TTTCGCCATCTTTAGGAATATCTATTCCACGGCTCACGAAATAGTGACTCGTGAC,0.16,['Ce3+'],"50 mM MES pH 6.0, 50 mM KCl, 10 μM Ce3+",25.0,10.1002/cbic.201500690
150,12-29,TCTCTTTCTGCAGAGGAGGTAGGGGTTCCGCTCCAAGGGC,1.37,['metal ion dependency not reported'],"50 mM Na.Hepes pH 7.0, 0.5 M NaCl, 10 mM Mg2+",23.0,10.1006/jmbi.2001.5058
151,12-6,GGCAGCGAATAGAGGAGGTAGGGGTTCCGCTCCAAGGGC,0.9,['metal ion dependency not reported'],"50 mM Na.Hepes pH 7.0, 0.5 M NaCl, 10 mM Mg2+",23.0,10.1006/jmbi.2001.5058
152,12-8,GTGCTTGCGACGAGGTAGGGGTTCCGATCCAATGGGCTG,0.56,['metal ion dependency not reported'],"50 mM Na.Hepes pH 7.0, 0.5 M NaCl, 10 mM Mg2+",23.0,10.1006/jmbi.2001.5058
153,pH3DZ1,AGTTGGCGAAGATCGGTAGTACGAGGAAATAGGGGGTGAGTGGTGTAGGCTTGAAGGTGCCACGTCGAG,0.023,['M2+-independent'],"400 mM NaCl, 100 mM KCl, 8.5 mM MgCl2, 5 mM MnCl2, 1.25 mM CdCl2, 0.25 mM NiCl2,  citrate pH 3.0 ",23.0,10.3410/f.1014625.194180
154,8LX12,CCCCGAGGTGTGGACATAGCGGGCTGGTGTGGCGCGCAGTGAGCCTAGTG,1e-07,['Mn2+'],"50 mM HEPES pH 7.5, 20 mM MnCl2, 150 mM NaCl, 2 mM KCl",37.0,10.1093/nar/gkq753
155,8LX13,CATCGGTGTAGCGATGCACGGGCAAAGATACATTCGCAGTGAGGGTGCGG,1e-07,['Mn2+'],"50 mM HEPES pH 7.5, 20 mM MnCl2, 150 mM NaCl, 2 mM KCl",37.0,10.1093/nar/gkq753
156,8LX14,CCACGTGCGAGGTTAGACGTCAGTGGCTGGTGTTCGCAGTGAGCCTATTG,1e-07,['Mn2+'],"50 mM HEPES pH 7.5, 20 mM MnCl2, 150 mM NaCl, 2 mM KCl",37.0,10.1093/nar/gkq753
157,8LX15,CCGACGCGTCCAGGAGGCAAGGGCTATATGCACCGCAGTGAGGGCTCGG,1e-07,['Mn2+'],"50 mM HEPES pH 7.5, 20 mM MnCl2, 150 mM NaCl, 2 mM KCl",37.0,10.1093/nar/gkq753
158,8LX16,CACGAGGTAGGGAGGGGCACACTGCTATGCTCAGCGCAGTGAGAGTATGC,1e-07,['Mn2+'],"50 mM HEPES pH 7.5, 20 mM MnCl2, 150 mM NaCl, 2 mM KCl",37.0,10.1093/nar/gkq753
159,8LX17,CACATGTCTAGCGGCGTGCGGGAGAAGTGCAAGCGCTGTGAGGGTGTG,1e-07,['Mn2+'],"50 mM HEPES pH 7.5, 20 mM MnCl2, 150 mM NaCl, 2 mM KCl",37.0,10.1093/nar/gkq753
160,8LX18,CCAAGGCAGAGCGTAGCCAGACAGCCGGGAGGTTCGCAGTGAGTGAATGG,1e-07,['Mn2+'],"50 mM HEPES pH 7.5, 20 mM MnCl2, 150 mM NaCl, 2 mM KCl",37.0,10.1093/nar/gkq753
161,8LX21,GTAGCCACATTAGTGCGCTGCAACTGCTATGCAACGCAGTGAGAGGGTGC,1e-07,['Mn2+'],"50 mM HEPES pH 7.5, 20 mM MnCl2, 150 mM NaCl, 2 mM KCl",37.0,10.1093/nar/gkq753
162,10-13,CTAACCACTATCCATGATTGTAAGAGCGGACAGCTGCAACGGGTTGATTATAGTGGGG,1e-07,['Mg2+'],"25 mM MgCl2, 25 mM EPPS pH 8.5",23.0,10.3410/f.1008391.373778
163,10-9,CTAACCATTATCCTCGATTGTTAGAACGAACAGTTGCAACGGGTTGATTATAGTGGG,1e-07,['Mg2+'],"25 mM MgCl2, 25 mM EPPS pH 8.5",23.0,10.3410/f.1008391.373778
164,10-19,TAACCCATTATCTTCGATGTTAGAACGAACAGCTGCAACGGGTTGATTATAGTGAG,1e-07,['Mg2+'],"25 mM MgCl2, 25 mM EPPS pH 8.5",23.0,10.3410/f.1008391.373778
165,10-15,CTCGCCATTATCCTTGAGTGTTAGAACGAACAGTTGCAACGGGTTGATTATAGTGAG,1e-07,['Mg2+'],"25 mM MgCl2, 25 mM EPPS pH 8.5",23.0,10.3410/f.1008391.373778
166,10-7,CTATGCATTATCCTTGACTGTTAGATCGAGCAGTTGCAACGGGTTGATTATAGTGAG,1e-07,['Mg2+'],"25 mM MgCl2, 25 mM EPPS pH 8.5",23.0,10.3410/f.1008391.373778
167,10-22,CTAACCATTATCCCTGATTGTTAGAACGAACAGTTGCGACGGGTTGATTATAGTGAC,1e-07,['Mg2+'],"25 mM MgCl2, 25 mM EPPS pH 8.5",23.0,10.3410/f.1008391.373778
168,10-6,CTACGCATTATCCCTGGTTGTTAGAACGAGCAGTTGCAACGGGTTGATTATAGTGAC,1e-07,['Mg2+'],"25 mM MgCl2, 25 mM EPPS pH 8.5",23.0,10.3410/f.1008391.373778
169,10-21,CAAACCATTATCCTCGATTGCAAGAACGAGCAGTTGGAACGGGTTGATTGTAGTGAGG,1e-07,['Mg2+'],"25 mM MgCl2, 25 mM EPPS pH 8.5",23.0,10.3410/f.1008391.373778
170,10-3,CATATTCATCATCCTCGACTGCAAGAAAGAACAGTTGGAACGGGTTGAATATAGTGAG,1e-07,['Mg2+'],"25 mM MgCl2, 25 mM EPPS pH 8.5",23.0,10.3410/f.1008391.373778
171,6CA4,CACGTGGACTTGGCATGGTCCCAGCGCTAGTTTTAAGCGC,1e-07,['Mn2+'],"50 mM HEPES pH 7.5, 150 mM NaCl, 2 mM KCl, 20 mM MnCl2",25.0,10.1021/bi0478291.s001
172,6CA6,CCCGTACACGACTGTGGTGTTGAACGGCTGCTAGCCGGCA,1e-07,['Mn2+'],"50 mM HEPES pH 7.5, 150 mM NaCl, 2 mM KCl, 20 mM MnCl2",25.0,10.1021/bi0478291.s001
173,8LX8,CCGACGAGGTGAGGGGCATGCGGTACACGCGCATATAGTGAGGGGTCCA,1e-07,['Mn2+'],"50 mM HEPES pH 7.5, 20 mM MnCl2, 150 mM NaCl, 2 mM KCl",37.0,10.1093/nar/gkq753
174,6CA15,CCCGTGACATTCATATGGGGTCGGTTCCAATCGCGAATTA,1e-07,['Mn2+'],"50 mM HEPES pH 7.5, 150 mM NaCl, 2 mM KCl, 20 mM MnCl2",25.0,10.1021/bi0478291.s001
175,6CA16,CCCGTACACTCGACGTGGTGACGCTGTGGCGTGAGCCTGT,1e-07,['Mn2+'],"50 mM HEPES pH 7.5, 150 mM NaCl, 2 mM KCl, 20 mM MnCl2",25.0,10.1021/bi0478291.s001
176,6CA18,CAGAGATGGGGTGTGATCTGGGTTGATAACACGGAGCGGTC,1e-07,['Mn2+'],"50 mM HEPES pH 7.5, 150 mM NaCl, 2 mM KCl, 20 mM MnCl2",25.0,10.1021/bi0478291.s001
177,6CA21,CCCGTACACTTAGAATGGTGCAGCCAGCATGCTGTACAGTA,1e-07,['Mn2+'],"50 mM HEPES pH 7.5, 150 mM NaCl, 2 mM KCl, 20 mM MnCl2",25.0,10.1021/bi0478291.s001
178,6CA23,CCCGTGCACTCTATGATGGTGTCCCCTGATACCAACAGGG,1e-07,['Mn2+'],"50 mM HEPES pH 7.5, 150 mM NaCl, 2 mM KCl, 20 mM MnCl2",25.0,10.1021/bi0478291.s001
179,6CA27,CACGTGACCTCAGGAATGGGTTCGAGGTGGGTGCACCTGC,1e-07,['Mn2+'],"50 mM HEPES pH 7.5, 150 mM NaCl, 2 mM KCl, 20 mM MnCl2",25.0,10.1021/bi0478291.s001
180,9BX1,GGAACGCAGTCGCACGTGACTAGGGAATCGTATCCTCATG,1e-07,['Mn2+'],"50 mM HEPES pH 7.5, 150 mM NaCl, 2 mM KCl, 20 mM MnCl2",25.0,10.1021/bi0478291.s001
181,9BX3,CGTGGTTTCCGGAATGCCTAGCGTTCAAGTGTGGATGCTT,1e-07,['Mn2+'],"50 mM HEPES pH 7.5, 150 mM NaCl, 2 mM KCl, 20 mM MnCl2",25.0,10.1021/bi0478291.s001
182,9BX4,CCGCGAGGCCGTGGCCCGAGTTGGTCAAAGCACAACGAGT,1e-07,['Mn2+'],"50 mM HEPES pH 7.5, 150 mM NaCl, 2 mM KCl, 20 mM MnCl2",25.0,10.1021/bi0478291.s001
183,9BX10,GATGTGGTCCAGCTGATAGGGCAGCGTTAGGCATACGTTG,1e-07,['Mn2+'],"50 mM HEPES pH 7.5, 150 mM NaCl, 2 mM KCl, 20 mM MnCl2",25.0,10.1021/bi0478291.s001
184,9BX15,GCGACGGATTTAGGTGTGTTAGACAGGGTCGGGAATAGAT,1e-07,['Mn2+'],"50 mM HEPES pH 7.5, 150 mM NaCl, 2 mM KCl, 20 mM MnCl2",25.0,10.1021/bi0478291.s001
185,9BX16,GCAGCGGGGAAGGCACTTCCAGGCAGGGGGGAAAAACAA,1e-07,['Mn2+'],"50 mM HEPES pH 7.5, 150 mM NaCl, 2 mM KCl, 20 mM MnCl2",25.0,10.1021/bi0478291.s001
186,6BX6,CGAGGCGTAGGTTAATTACAAACGGCTCAGACAACGTATG,1e-07,['Mn2+'],"50 mM HEPES pH 7.5, 150 mM NaCl, 2 mM KCl, 20 mM MnCl2",25.0,10.1021/bi0478291.s001
187,6BX35,GGCGAAGGGACTACGTTGGCCATGCGGGTGGGCCGCTATG,1e-07,['Mn2+'],"50 mM HEPES pH 7.5, 150 mM NaCl, 2 mM KCl, 20 mM MnCl2",25.0,10.1021/bi0478291.s001
188,6BX39,GAACGTGAGGTGCGGGAATTAATCACAAACCGGAAACGGA,1e-07,['Mn2+'],"50 mM HEPES pH 7.5, 150 mM NaCl, 2 mM KCl, 20 mM MnCl2",25.0,10.1021/bi0478291.s001
189,6BX43,CACCACAATGGTTGATGCCGGGCCAAGTGGCGCAGCATAC,1e-07,['Mn2+'],"50 mM HEPES pH 7.5, 150 mM NaCl, 2 mM KCl, 20 mM MnCl2",25.0,10.1021/bi0478291.s001
190,6BX45,CGCACGGAGCCCGTTAGGGGTCCACGGAGTGGGTGAACCT,1e-07,['Mn2+'],"50 mM HEPES pH 7.5, 150 mM NaCl, 2 mM KCl, 20 mM MnCl2",25.0,10.1021/bi0478291.s001
191,6BX47,CCGGGCATCAAGTGCGCAACGATGACGAAATCGGGTGGGT,1e-07,['Mn2+'],"50 mM HEPES pH 7.5, 150 mM NaCl, 2 mM KCl, 20 mM MnCl2",25.0,10.1021/bi0478291.s001
192,6BX20,CGCACGGTCTGGTGTGGAAGCCAGGTTGCCTCCCTGCAAA,1e-07,['Mn2+'],"50 mM HEPES pH 7.5, 150 mM NaCl, 2 mM KCl, 20 mM MnCl2",25.0,10.1021/bi0478291.s001
193,6BX22,CAGGGGGAGCGAGCACTAATACAAGCGGGTAGGAGGCCCT,1e-07,['Mn2+'],"50 mM HEPES pH 7.5, 150 mM NaCl, 2 mM KCl, 20 mM MnCl2",25.0,10.1021/bi0478291.s001
194,6BX23,CGGGAGGAGGCAAAGGCTAGTTTGTCGGATAGGAGGCCCT,1e-07,['Mn2+'],"50 mM HEPES pH 7.5, 150 mM NaCl, 2 mM KCl, 20 mM MnCl2",25.0,10.1021/bi0478291.s001
195,6BX34,CGTGGGAGCCATTGGGAGGGGCTGAGAACATAAGTCACGA,1e-07,['Mn2+'],"50 mM HEPES pH 7.5, 150 mM NaCl, 2 mM KCl, 20 mM MnCl2",25.0,10.1021/bi0478291.s001
196,6BX8,GCAGTGCAAATGAGGCATGGAGAAACTACTCTATGCTGAA,1e-07,['Mn2+'],"50 mM HEPES pH 7.5, 150 mM NaCl, 2 mM KCl, 20 mM MnCl2",25.0,10.1021/bi0478291.s001
197,6BX16,GCAGTGCAAATGAGTAAGGACTGATATCAGTCACTACGAA,1e-07,['Mn2+'],"50 mM HEPES pH 7.5, 150 mM NaCl, 2 mM KCl, 20 mM MnCl2",25.0,10.1021/bi0478291.s001
198,6BX40,GCAGTGCTAATGAGGGTGTGGCAGAAGCTATACAGCCGAA,1e-07,['Mn2+'],"50 mM HEPES pH 7.5, 150 mM NaCl, 2 mM KCl, 20 mM MnCl2",25.0,10.1021/bi0478291.s001
199,6BX19,GACGGGTGGGGAAATCAGCCTGTATTGGGTTCAGAGCGGA,1e-07,['Mn2+'],"50 mM HEPES pH 7.5, 150 mM NaCl, 2 mM KCl, 20 mM MnCl2",25.0,10.1021/bi0478291.s001
200,6BX21,GACGACAGCGGTTCCCAGCTCAGTAGTGATAGTTTACTGC,1e-07,['Mn2+'],"50 mM HEPES pH 7.5, 150 mM NaCl, 2 mM KCl, 20 mM MnCl2",25.0,10.1021/bi0478291.s001
201,6BX26,GACACCGAGCAGAGGACCGGACCTAGTTGGTAAAAGGTAA,1e-07,['Mn2+'],"50 mM HEPES pH 7.5, 150 mM NaCl, 2 mM KCl, 20 mM MnCl2",25.0,10.1021/bi0478291.s001
202,6CA17,CACAGGCGCGCGAGGGGCTATGTCCGGTGGTGCAGGCGGA,1e-07,['Mn2+'],"50 mM HEPES pH 7.5, 150 mM NaCl, 2 mM KCl, 20 mM MnCl2",25.0,10.1021/bi0478291.s001
203,6CA28,CGGAAGGATGACAAGGAGCGTAGCTGATGGGGACTCAGAC,1e-07,['Mn2+'],"50 mM HEPES pH 7.5, 150 mM NaCl, 2 mM KCl, 20 mM MnCl2",25.0,10.1021/bi0478291.s001
204,6CA2,GGGGCGTAGTGGAGACCGGGGACAGTGGAGTACGTCCAGC,1e-07,['Mn2+'],"50 mM HEPES pH 7.5, 150 mM NaCl, 2 mM KCl, 20 mM MnCl2",25.0,10.1021/bi0478291.s001
205,6CA20,GTTAACGCAGGGCGTCGTACTACATCCTTGTGCAGCTACG,1e-07,['Mn2+'],"50 mM HEPES pH 7.5, 150 mM NaCl, 2 mM KCl, 20 mM MnCl2",25.0,10.1021/bi0478291.s001
206,6CA1,TGAAGCGCGTTATCCATGCAAAAAATGGATCCGGTACCAAC,1e-07,['Mn2+'],"50 mM HEPES pH 7.5, 150 mM NaCl, 2 mM KCl, 20 mM MnCl2",25.0,10.1021/bi0478291.s001
207,6CA5,TGCAGCGGCTGCGCGGGTATCCGGTCTCCAGGGGACGCTT,1e-07,['Mn2+'],"50 mM HEPES pH 7.5, 150 mM NaCl, 2 mM KCl, 20 mM MnCl2",25.0,10.1021/bi0478291.s001
208,6CA7,AGACCCAGTGTTCTCAGCCGCCCGCCGCAGCGGGGAGGTA,1e-07,['Mn2+'],"50 mM HEPES pH 7.5, 150 mM NaCl, 2 mM KCl, 20 mM MnCl2",25.0,10.1021/bi0478291.s001
209,6CA14,CGAAGACGAGGAGTAACCTTAGATGAAGGTGGGGACGATT,1e-07,['Mn2+'],"50 mM HEPES pH 7.5, 150 mM NaCl, 2 mM KCl, 20 mM MnCl2",25.0,10.1021/bi0478291.s001
210,6CA24,GGGCGAGGACCGGGTACTAGGGGAACACGCCGCACGCGGG,1e-07,['Mn2+'],"50 mM HEPES pH 7.5, 150 mM NaCl, 2 mM KCl, 20 mM MnCl2",25.0,10.1021/bi0478291.s001
211,6CA25,AGACGCAGTGTCAGGGTACCACAGACATGTGGAGTGGCTG,1e-07,['Mn2+'],"50 mM HEPES pH 7.5, 150 mM NaCl, 2 mM KCl, 20 mM MnCl2",25.0,10.1021/bi0478291.s001
212,9BX11,CATGCGTGTTGCGTGGATACGAGGCTATTCAGAGGGTAAA,1e-07,['Mn2+'],"50 mM HEPES pH 7.5, 150 mM NaCl, 2 mM KCl, 20 mM MnCl2",25.0,10.1021/bi0478291.s001
213,6CA10,CACGTACACTTGGTATGGTGTGACACCTCAGCTCATACAT,1e-07,['Mn2+'],"50 mM HEPES pH 7.5, 150 mM NaCl, 2 mM KCl, 20 mM MnCl2",25.0,10.1021/bi0478291.s001
214,7Q10,TTACGTGGAGGTGGGCTCTA,1e-07,['Mg2+'],"50 mM HEPES pH 7.5, 150 mM NaCl, 2 mM KCl, 40mM MgCl2",37.0,10.1021/ja0340331
215,7Z81,ACGGCGAGTTTCATGGAGTGATTGGGAGGTTAGCTCTA,1e-07,['Mg2+'],"50 mM HEPES pH 7.5, 150 mM NaCl, 2 mM KCl, 40 mM MgCl2",37.0,10.1093/nar/gkh263
216,12BB27,CCGCTCCGATTGGTGAAGTCTATTGGGGCCTGTAGGCGAG,1e-07,['Zn2+'],"70 mM Tris pH 7.5, 150 mM NaCl, 2 mM KCl, 1 mM ZnCl2",23.0,10.1039/b813566e
217,7Z101,CCCGAGGAGGGGCGGGGGGACTTGGTGTGGAGTTTCATTC,1e-07,['Mg2+'],"50 mM HEPES pH 7.5, 150 mM NaCl, 2 mM KCl, 40 mM MgCl2",37.0,10.1093/nar/gkh263
218,9A5,AAGGGGAGGGCCGATTGGCATTATCGGCGTCTTAGCTCTA,1e-07,['Mg2+'],"50 mM HEPES pH 7.5, 150 mM NaCl, 2 mM KCl, 40 mM MgCl2",37.0,10.3410/f.1012495.185882
219,9A6,TAACCGTGGTTACCGTAAGCGCGGGGCTTATAGGGGATT,1e-07,['Mg2+'],"50 mM HEPES pH 7.5, 150 mM NaCl, 2 mM KCl, 40 mM MgCl2",37.0,10.3410/f.1012495.185882
220,9DB1*,GGATCATACGGTCGGAGGGGTTTGCCGTTTA,1e-07,"['Mn2+', 'Mg2+']","50 mM CHES pH 9.0, 150 mM NaCl, 2 mM KCl, 40 mM MgCl2",25.0,10.3410/f.6834956.7007054
221,9F21,AATGATGCTTGACAGGGTCTATAGTTTCTATGTAGCCCGA,1e-07,"['Mn2+', 'Mg2+']","50 mM HEPES pH 7.5, 20 mM MnCl2",37.0,10.1021/bi0355847.s001
222,9F13,AGGATGTGGGGTTTTGCCCGAGGGTATGGCAGTGGGGA,1e-07,"['Mn2+', 'Mg2+']","50 mM HEPES pH 7.5, 20 mM MnCl2",37.0,10.1021/bi0355847.s001
223,7CX2,GTGAGAGCCATTGTGCATTGTGGTGCAACTGTACGCGCCT,1e-07,['Zn2+'],"70 mM Tris pH 7.5, 150 mM NaCl, 2 mM KCl, 1 mM ZnCl2",23.0,10.1039/b813566e
224,7CX3,GTGAGAGCAGGTTTGGCACGCGTGCCACTAACCCGCGCCT,1e-07,['Zn2+'],"70 mM Tris pH 7.5, 150 mM NaCl, 2 mM KCl, 1 mM ZnCl2",23.0,10.1039/b813566e
225,7CX4,GTGGGAGCCTGATGGAAGAATGGGAGAACAGCACGCGCCT,1e-07,['Zn2+'],"70 mM Tris pH 7.5, 150 mM NaCl, 2 mM KCl, 1 mM ZnCl2",23.0,10.1039/b813566e
226,7CX5,GGGAGAGCTAGGAGGCGCTGAGTCTCGGCTCCTCGCGCCT,1e-07,['Zn2+'],"70 mM Tris pH 7.5, 150 mM NaCl, 2 mM KCl, 1 mM ZnCl2",23.0,10.1039/b813566e
227,7CX6,GTGAGAGCAAGCGAGGGATACATGAACCGAAACCGCGCCT,1e-07,['Zn2+'],"70 mM Tris pH 7.5, 150 mM NaCl, 2 mM KCl, 1 mM ZnCl2",23.0,10.1039/b813566e
228,7CX7,GTGAGAGCAGTAAACGGAAGGCCTCTTCCTGTCCGCGCCT,1e-07,['Zn2+'],"70 mM Tris pH 7.5, 150 mM NaCl, 2 mM KCl, 1 mM ZnCl2",23.0,10.1039/b813566e
229,7CX8,GTGAGAGCATGTGGCACCCTGGCAGGAACCTAACGCGCCT,1e-07,['Zn2+'],"70 mM Tris pH 7.5, 150 mM NaCl, 2 mM KCl, 1 mM ZnCl2",23.0,10.1039/b813566e
230,7CX9,ACTGAGAGCCTCGATGAATGCCTAATTATATCGTCGCGCC,1e-07,['Zn2+'],"70 mM Tris pH 7.5, 150 mM NaCl, 2 mM KCl, 1 mM ZnCl2",23.0,10.1039/b813566e
231,7CX10,GTGAGAGCAATACGTATGAAGATATTGAAGTTTCGCGCCT,1e-07,['Zn2+'],"70 mM Tris pH 7.5, 150 mM NaCl, 2 mM KCl, 1 mM ZnCl2",23.0,10.1039/b813566e
232,7CX12,GTGAGAGCATCACTGTAACCGCCGTGCGGTGGACGCGCCT,1e-07,['Zn2+'],"70 mM Tris pH 7.5, 150 mM NaCl, 2 mM KCl, 1 mM ZnCl2",23.0,10.1039/b813566e
233,7CX13,GGGAGAGCAGTTATGATGCATGAGCCATTGACCGCGCCT,1e-07,['Zn2+'],"70 mM Tris pH 7.5, 150 mM NaCl, 2 mM KCl, 1 mM ZnCl2",23.0,10.1039/b813566e
234,7CX14,GGGAGAGCAGCGATGCAAGACATTGGGGCGGAGCCGCGCT,1e-07,['Zn2+'],"70 mM Tris pH 7.5, 150 mM NaCl, 2 mM KCl, 1 mM ZnCl2",23.0,10.1039/b813566e
235,7CX21,TGAGAGCATTTCCGGCGGAGCTCTACGGGGGCCGCGCCT,1e-07,['Zn2+'],"70 mM Tris pH 7.5, 150 mM NaCl, 2 mM KCl, 1 mM ZnCl2",23.0,10.1039/b813566e
236,7CX11,TTTAGTCAGGAGTAGACATCGATGATTGCTAATCGAACCT,1e-07,['Zn2+'],"70 mM Tris pH 7.5, 150 mM NaCl, 2 mM KCl, 1 mM ZnCl2",23.0,10.1039/b813566e
237,8CW1,GTGAGAGAACCGCGGTGTAGACACAGATCGCGGCGCGCCT,1e-07,['Zn2+'],"70 mM Tris pH 7.5, 150 mM NaCl, 2 mM KCl, 1 mM ZnCl2",23.0,10.1039/b813566e
238,8CW11,GGGAGAGCAGTTATGACGCATAAGCTATTGACCGCGCCT,1e-07,['Zn2+'],"70 mM Tris pH 7.5, 150 mM NaCl, 2 mM KCl, 1 mM ZnCl2",23.0,10.1039/b813566e
239,8CW15,GTGAGAGCAATCACTTTGGGTAGGTACGGGTGAACGCGCT,1e-07,['Zn2+'],"70 mM Tris pH 7.5, 150 mM NaCl, 2 mM KCl, 1 mM ZnCl2",23.0,10.1039/b813566e
240,8CW16,GTTAGAGCCAAACACGTTTGTGTCAGCGGGTTTCGCGCCT,1e-07,['Zn2+'],"70 mM Tris pH 7.5, 150 mM NaCl, 2 mM KCl, 1 mM ZnCl2",23.0,10.1039/b813566e
241,8CW20,GGAAGAGCAATGTACTCCGACGTCAGAGGATATCGCGCCT,1e-07,['Zn2+'],"70 mM Tris pH 7.5, 150 mM NaCl, 2 mM KCl, 1 mM ZnCl2",23.0,10.1039/b813566e
242,8CW3,ACGCCCACCATTTAAGAGCATCGCCGGAATAGCGGGGACT,1e-07,['Zn2+'],"70 mM Tris pH 7.5, 150 mM NaCl, 2 mM KCl, 1 mM ZnCl2",23.0,10.1039/b813566e
243,12BB26,ACTATACCACCGAGATTCGAATTGGAGCAGTAGTGGCTTG,1e-07,['Zn2+'],"70 mM Tris pH 7.5, 150 mM NaCl, 2 mM KCl, 1 mM ZnCl2",23.0,10.1039/b813566e
244,12BB36,ACCGGTCCCTGTCGGTCGAAGGAGTGGCACTGAGGAGAAT,1e-07,['Zn2+'],"70 mM Tris pH 7.5, 150 mM NaCl, 2 mM KCl, 1 mM ZnCl2",23.0,10.1039/b813566e
245,8CW4,GCACGGCCGGATTGGGGGGCCCAATGACTTGATCATTGCT,1e-07,['Zn2+'],"70 mM Tris pH 7.5, 150 mM NaCl, 2 mM KCl, 1 mM ZnCl2",23.0,10.1039/b813566e
246,12BB41,ACGCGAGGGGAGTTCAATCGCTTGTTCGGCAAGGTCGGGA,1e-07,['Zn2+'],"70 mM Tris pH 7.5, 150 mM NaCl, 2 mM KCl, 1 mM ZnCl2",23.0,10.1039/b813566e
247,8CW9,ACACGCGTTACGGACTGAGCAGATTCAGGCCAAACTGCCT,1e-07,['Zn2+'],"70 mM Tris pH 7.5, 150 mM NaCl, 2 mM KCl, 1 mM ZnCl2",23.0,10.1039/b813566e
248,9F7,AATGAGGCTTGGCAGGGATTTAGTATTTTAACACTCCCGG,1e-07,"['Mn2+', 'Mg2+']","50 mM HEPES pH 7.5, 20 mM MnCl2",37.0,10.1021/bi0355847.s001
249,12BB2,ACCGCGGGAGCTACGTTAGTGGTAACTGCTTGTAGGCGAG,1e-07,['Zn2+'],"70 mM Tris pH 7.5, 150 mM NaCl, 2 mM KCl, 1 mM ZnCl2",37.0,10.1021/bi050146g.s001
250,8CW12,ACATGTGCGGTAATGAGGCGTAGACAAATAGAGATACCT,1e-07,['Zn2+'],"70 mM Tris pH 7.5, 150 mM NaCl, 2 mM KCl, 1 mM ZnCl2",23.0,10.1039/b813566e
251,12BB21,AAGGCAGCAGGCGGCATTTTTTGTCCGTACGTTCTCCTATA,1e-07,['Zn2+'],"70 mM Tris pH 7.5, 150 mM NaCl, 2 mM KCl, 1 mM ZnCl2",23.0,10.1039/b813566e
252,12BB22,ACCGCGGGAGTTTCGTTAGTGGTGACTGCTTGTAGGCGAG,1e-07,['Zn2+'],"70 mM Tris pH 7.5, 150 mM NaCl, 2 mM KCl, 1 mM ZnCl2",23.0,10.1039/b813566e
253,12BB25,GTAGAGTGGTTCCGGTTATCGCCTTAGATACCATTGCTGT,1e-07,['Zn2+'],"70 mM Tris pH 7.5, 150 mM NaCl, 2 mM KCl, 1 mM ZnCl2",23.0,10.1039/b813566e
254,8CW14,GCGGGGTTAAGCCACGAATGCGGGGCAAAGCGTACCCCCT,1e-07,['Zn2+'],"70 mM Tris pH 7.5, 150 mM NaCl, 2 mM KCl, 1 mM ZnCl2",23.0,10.1039/b813566e
255,12BB38,CCGCTGCGGAGGTTGTACGCGTCTGTGGCTTGTAGGCGAG,1e-07,['Zn2+'],"70 mM Tris pH 7.5, 150 mM NaCl, 2 mM KCl, 1 mM ZnCl2",23.0,10.1039/b813566e
256,12BB6,TACACCTATTATGGTTTCGTGAGGGGTGTGGCTGGTGCTG,1e-07,['Zn2+'],"70 mM Tris pH 7.5, 150 mM NaCl, 2 mM KCl, 1 mM ZnCl2",37.0,10.1021/bi050146g.s001
257,12BB12,CAGAGCCCCTTACGTACAGCCTTTTTAGGTAACCGGGGAG,1e-07,['Zn2+'],"70 mM Tris pH 7.5, 150 mM NaCl, 2 mM KCl, 1 mM ZnCl2",37.0,10.1021/bi050146g.s001
258,12BB24,CAGCGCGATTGGGGGCGTGATTGAAGCTCGGGGTTGGTTA,1e-07,['Zn2+'],"70 mM Tris pH 7.5, 150 mM NaCl, 2 mM KCl, 1 mM ZnCl2",23.0,10.1039/b813566e
259,12BB23,TACACCTATAATGGTTTCGTGAGGGGTGTGGCTGATGCTG,1e-07,['Zn2+'],"70 mM Tris pH 7.5, 150 mM NaCl, 2 mM KCl, 1 mM ZnCl2",23.0,10.1039/b813566e
260,12BB30,CCTGTACTGCGCTGCTCAAATCAGCCGGGTGTGTGAACTC,1e-07,['Zn2+'],"70 mM Tris pH 7.5, 150 mM NaCl, 2 mM KCl, 1 mM ZnCl2",23.0,10.1039/b813566e
261,12BB32,TGTATGTGGGGGGTGTGTATCAGTCTACTGTGGCTTAAGC,1e-07,['Zn2+'],"70 mM Tris pH 7.5, 150 mM NaCl, 2 mM KCl, 1 mM ZnCl2",23.0,10.1039/b813566e
262,6J12,AGGGAGCGGTGTGGCACAGACAGGGTATTAACTCTGTGAG,1e-07,['Zn2+'],"70 mM Tris pH 7.9, 150 mM NaCl, 2 mM KCl, 1 mM ZnCl2",37.0,10.1021/bi050146g.s001
263,6J1,GTGGGAGGACGCGTCAGTAGTTATGACCTGCCTGAGTGCT,1e-07,['Zn2+'],"70 mM Tris pH 7.9, 150 mM NaCl, 2 mM KCl, 1 mM ZnCl2",37.0,10.1021/bi050146g.s001
264,6J18,CGGGAGAGGAGTGGCAGAGATACTGTGAATGTAATCTGAG,1e-07,['Zn2+'],"70 mM Tris pH 7.9, 150 mM NaCl, 2 mM KCl, 1 mM ZnCl2",37.0,10.1021/bi050146g.s001
265,7S11,CAGTGCAGGGCGTGAGGGCTCGGTTCCCGTATTATCT,1e-07,['Mg2+'],"50 mM CHES pH 9.0, 150 mM NaCl, 2 mM KCl, 40 mM MgCl2",37.0,10.1038/nsmb727
266,7S10,CAGCGCAGGGTGTGAGGGCTCGGTTCCCGTATTATTT,1e-07,['Mg2+'],"50 mM CHES pH 9.0, 150 mM NaCl, 2 mM KCl, 40 mM MgCl2",37.0,10.1038/nsmb727
267,6CE8,GGCACTCAGAGCGCACGGCG,1e-07,['Mn2+'],"50 mM HEPES pH 7.5, 150 mM NaCl, 2 mM KCl, 20 mM MnCl2",37.0,10.1093/nar/gki656
268,8AY1,CCCGACGATGGAATGGAAGGGCGGGAGAGCCGCGGTAG,1e-07,['Mg2+'],"50 mM CHES pH 9.0, 150 mM NaCl, 2 mM KCl, 40 mM MgCl2",37.0,10.1021/ja045817x.s001
269,8AY3,CAGCCTACGGGTAACAAGGTGCGAGAGATCAGCGGCAG,1e-07,['Mg2+'],"50 mM CHES pH 9.0, 150 mM NaCl, 2 mM KCl, 40 mM MgCl2",37.0,10.1021/ja045817x.s001
270,8AY9,CACGAGATGTTTACCACGCTGCGGGAGATTAGCGGTAG,1e-07,['Mg2+'],"50 mM CHES pH 9.0, 150 mM NaCl, 2 mM KCl, 40 mM MgCl2",37.0,10.1021/ja045817x.s001
271,8AY11,CACAAGGGAACAGGCTGCGTGTGAGAGAGTCGCGGTAA,1e-07,['Mg2+'],"50 mM CHES pH 9.0, 150 mM NaCl, 2 mM KCl, 40 mM MgCl2",37.0,10.1021/ja045817x.s001
272,8AY13,CAGGTCGTTAGGCGGGAGATAACAAGGTGAAGCGGTAG,1e-07,['Mg2+'],"50 mM CHES pH 9.0, 150 mM NaCl, 2 mM KCl, 40 mM MgCl2",37.0,10.1021/ja045817x.s001
273,8AY17,CACGGCAACAGCAACAGCAGTGCGAGAGAGACGCGGTAG,1e-07,['Mg2+'],"50 mM CHES pH 9.0, 150 mM NaCl, 2 mM KCl, 40 mM MgCl2",37.0,10.1021/ja045817x.s001
274,8LX3,CCCACCGGTAGGGCTACGGGCAAGGTCAACATGCCGCAAGTGAGGGGTCGA,1e-07,['Mn2+'],"50 mM HEPES pH 7.5, 20 mM MnCl2, 150 mM NaCl, 2 mM KCl",37.0,10.1093/nar/gkq753
275,8LX5,CAGGCCATGGATTATTGGAGGAATGGGCCGTCAGCGCGTGAGGTGTGGA,1e-07,['Mn2+'],"50 mM HEPES pH 7.5, 20 mM MnCl2, 150 mM NaCl, 2 mM KCl",37.0,10.1093/nar/gkq753
276,10DM24,CCGTAGGTGAAGGGCGTGAGGGTTCCATTCC,1e-07,['Mg2+'],"50 mM CHES pH 9.0, 150 mM NaCl, 2 mM KCl, 40 mM MgCl2",37.0,10.1021/bi052499l.s001
277,10-5,CTCCTCATTATTCACGAATGATAGCACGAATAGTGTGAACGGGTTGATTATAGTGGCG,1e-07,['Mg2+'],"25 mM MgCl2, 25 mM EPPS pH 8.5",23.0,10.3410/f.1008391.373778
278,10-17,CTCCTCATTATTCTAGAATGATAGCACGAATAGTGTGAACGGGTTGATTATAGTGGCG,1e-07,['Mg2+'],"25 mM MgCl2, 25 mM EPPS pH 8.5",23.0,10.3410/f.1008391.373778
279,10-4,CAGCTCATTATTCACGAATGATGCACGAATAGTGTGAACGGGTTGATTATAGTGGG,1e-07,['Mg2+'],"25 mM MgCl2, 25 mM EPPS pH 8.5",23.0,10.3410/f.1008391.373778
280,10-12,AACCCTCATTATCCACCAATGATAGCACGAATAGTGTGAGCGGGTTGATTATAGTGAG,1e-07,['Mg2+'],"25 mM MgCl2, 25 mM EPPS pH 8.5",30.0,10.3410/f.1008391.373778
281,10-14,AGGACTCATTAAGCTCGATTGCTCGAACGAACGGTTGGCACGGGTTGATTATAGTG,1e-07,['Mg2+'],"25 mM MgCl2, 25 mM EPPS pH 8.5",23.0,10.3410/f.1008391.373778
282,10-8,CGCAGCATTATGCTCGCATGCCCGAACGAACGGTTGGCACGGGTTGATTATAGTGGG,1e-07,['Mg2+'],"25 mM MgCl2, 25 mM EPPS pH 8.5",23.0,10.3410/f.1008391.373778
283,10-2,CGACTGGTTTTGCTCGTTTCTTCGTAGGAACAGATGTAATGGGTTGATATAGTGGCG,1e-07,['Mg2+'],"25 mM MgCl2, 25 mM EPPS pH 8.5",23.0,10.3410/f.1008391.373778
284,10-10,CGACTGGCTCTGCTCGTTTCTTCGAATGAACAGATGTAGTGGGTTGATATAGCGCG,1e-07,['Mg2+'],"25 mM MgCl2, 25 mM EPPS pH 8.5",23.0,10.3410/f.1008391.373778
285,10-16,CGACTAATCATGCTCGAATGTTCGTAAGAACAGTCTGTGCGGGTGGAATATAGTGAG,1e-07,['Mg2+'],"25 mM MgCl2, 25 mM EPPS pH 8.5",23.0,10.3410/f.1008391.373778
286,10-1,ACTGACTCATACTGCACGCTTGTCCCTAAGGTAGTTGCGCAGGTGGAATATAGTGGG,1e-07,['Mg2+'],"25 mM MgCl2, 25 mM EPPS pH 8.5",23.0,10.3410/f.1008391.373778
287,10-11,CTACGGGTTATGGTTGATTATACGTAAAAACAGTTAGGATGAGTTGTTGGTCGTGG,1e-07,['Mg2+'],"25 mM MgCl2, 25 mM EPPS pH 8.5",23.0,10.3410/f.1008391.373778
288,10DM3,CGGTAAGGCCAGGGCGTGAGGGTCCGCTTCC,1e-07,['Mg2+'],"50 mM CHES pH 9.0, 150 mM NaCl, 2 mM KCl, 40 mM MgCl2",37.0,10.1021/bi052499l.s001
289,10DM5,CATTATGCGAAGGGCGTGAGGGTTCCGTTCC,1e-07,['Mg2+'],"50 mM CHES pH 9.0, 150 mM NaCl, 2 mM KCl, 40 mM MgCl2",37.0,10.1021/bi052499l.s001
290,10DM19,CCTATGGCCCAGGGCGTGAGGGTGCGGTTCC,1e-07,['Mg2+'],"50 mM CHES pH 9.0, 150 mM NaCl, 2 mM KCl, 40 mM MgCl2",37.0,10.1021/bi052499l.s001
291,10DM21,AGTGTGCTGCTAGGGCGTGAGGGTCCGCTTCC,1e-07,['Mg2+'],"50 mM CHES pH 9.0, 150 mM NaCl, 2 mM KCl, 40 mM MgCl2",37.0,10.1021/bi052499l.s001
292,7DM3,CCGGCAGGCAAGGGTGTGAGGGCTCGGTTCC,1e-07,['Mg2+'],"50 mM CHES pH 9.0, 150 mM NaCl, 2 mM KCl, 40 mM MgCl2",37.0,10.1021/bi052499l.s001
293,7DM11,CCGTAGGCAAAGGGCGTGAGGGCTCGGTTCC,1e-07,['Mg2+'],"50 mM CHES pH 9.0, 150 mM NaCl, 2 mM KCl, 40 mM MgCl2",37.0,10.1021/bi052499l.s001
294,8BG11,CTACAGGACCCGCGCAAAAGTGATTTCAGAGGTATGGGTG,1e-07,['Mg2+'],"50 mM CHES pH 9.0, 40 mM MgCl2",37.0,10.1007/s00239-004-0326-y
295,8BG29,CTAACTGTCAGATTCATCTAAAGATGGGGGGTTGTTTGAC,1e-07,['Mg2+'],"50 mM CHES pH 9.0, 40 mM MgCl2",37.0,10.1007/s00239-004-0326-y
296,8BH6,GGCGTTAAGGATTGGCGGAAACGGGTGGATCGCGGACC,1e-07,['Mg2+'],"50 mM CHES pH 9.0, 40 mM MgCl2",37.0,10.1007/s00239-004-0326-y
297,12BK15,GGCCGCTCACCCGTAGAACGGGTTGGATCCTAGGGGAC,1e-07,['Mg2+'],"50 mM CHES pH 9.0, 40 mM MgCl2",37.0,10.1007/s00239-004-0326-y
298,12BK21,GTCCAAGTGCAAAAGTCTTGAAGCCACTGCTAGGGCAC,1e-07,['Mg2+'],"50 mM CHES pH 9.0, 40 mM MgCl2",37.0,10.1007/s00239-004-0326-y
299,12BK29,GGACAATGGCACACAGTGTGGTCAGGAACTAGGTGATA,1e-07,['Mg2+'],"50 mM CHES pH 9.0, 40 mM MgCl2",37.0,10.1007/s00239-004-0326-y
300,9Q1,GGAGACAGGTTCCGGATGCATG,1e-07,"['Mn2+', 'Mg2+']","50 mM HEPES pH 7.5, 150 mM NaCl, 5 mM KCl, 40 mM MgCl2, 20 mM MnCl2, 1 mM alachlor, 10% methanol ",22.0,10.1002/bip.22191
301,9Q2,GGAGATAGGTTCCAGCTGATTG,1e-07,"['Mn2+', 'Mg2+']","50 mM HEPES pH 7.5, 150 mM NaCl, 5 mM KCl, 40 mM MgCl2, 20 mM MnCl2, 1 mM alachlor, 10% methanol ",22.0,10.1002/bip.22191
302,9Q5,GGACCGATGGAGTGAACTATGC,1e-07,"['Mn2+', 'Mg2+']","50 mM HEPES pH 7.5, 150 mM NaCl, 5 mM KCl, 40 mM MgCl2, 20 mM MnCl2, 1 mM alachlor, 10% methanol ",22.0,10.1002/bip.22191
303,9Q9,ACGGACAGTTTCCGGAGCCGTG,1e-07,"['Mn2+', 'Mg2+']","50 mM HEPES pH 7.5, 150 mM NaCl, 5 mM KCl, 40 mM MgCl2, 20 mM MnCl2, 1 mM alachlor, 10% methanol ",22.0,10.1002/bip.22191
304,9R2a,GGTACGGGGCGTGCGGAGGCAC,1e-07,"['Mn2+', 'Mg2+']","50 mM HEPES pH 7.5, 150 mM NaCl, 5 mM KCl, 40 mM MgCl2, 20 mM MnCl2, 1 mM atrazine, 10% methanol",22.0,10.1002/bip.22191
305,9R2b,GGTTCGGGGTATGCGGAGGCAT,1e-07,"['Mn2+', 'Mg2+']","50 mM HEPES pH 7.5, 150 mM NaCl, 5 mM KCl, 40 mM MgCl2, 20 mM MnCl2, 1 mM atrazine, 10% methanol",22.0,10.1002/bip.22191
306,9R4a,GGACCGATGGAGTGAACTATGC,1e-07,"['Mn2+', 'Mg2+']","50 mM HEPES pH 7.5, 150 mM NaCl, 5 mM KCl, 40 mM MgCl2, 20 mM MnCl2, 1 mM atrazine, 10% methanol",22.0,10.1002/bip.22191
307,9R6,GGACCATGTTGGAGCGGCCCAG,1e-07,"['Mn2+', 'Mg2+']","50 mM HEPES pH 7.5, 150 mM NaCl, 5 mM KCl, 40 mM MgCl2, 20 mM MnCl2, 1 mM atrazine, 10% methanol",22.0,10.1002/bip.22191
308,9R7,GGACCATGGGGGAGCGGCCCGC,1e-07,"['Mn2+', 'Mg2+']","50 mM HEPES pH 7.5, 150 mM NaCl, 5 mM KCl, 40 mM MgCl2, 20 mM MnCl2, 1 mM atrazine, 10% methanol",22.0,10.1002/bip.22191
309,9R16b,GGAGGATCGGACAGCGTTATCG,1e-07,"['Mn2+', 'Mg2+']","50 mM HEPES pH 7.5, 150 mM NaCl, 5 mM KCl, 40 mM MgCl2, 20 mM MnCl2, 1 mM atrazine, 10% methanol",22.0,10.1002/bip.22191
310,9R20,GGAGCGACACACAGACCTGTTC,1e-07,"['Mn2+', 'Mg2+']","50 mM HEPES pH 7.5, 150 mM NaCl, 5 mM KCl, 40 mM MgCl2, 20 mM MnCl2, 1 mM atrazine, 10% methanol",22.0,10.1002/bip.22191
311,10Q7b,GGAGGATCGTACAGCGTTATCG,1e-07,"['Mn2+', 'Mg2+']","50 mM HEPES pH 7.5, 150 mM NaCl, 5 mM KCl, 40 mM MgCl2, 20 mM MnCl2, 1 mM alachlor, 10% methanol ",22.0,10.1002/bip.22191
312,12BB33,TGTAGCCTTCTGAAGGTTGGCTGGTTCGGCGAGGTGGGAA,1e-07,['Zn2+'],"70 mM Tris pH 7.5, 150 mM NaCl, 2 mM KCl, 1 mM ZnCl2",23.0,10.1039/b813566e
313,10-18,CTAACCATTATCCTCGATTGTTAGAGCGAACAGCTGCAACGGGTTGATTATAGTGAG,1e-07,['Mg2+'],"25 mM MgCl2, 25 mM EPPS pH 8.5",23.0,10.3410/f.1008391.373778
314,7Q5,TTTGTGGAGGTAAGCTCTG,1e-07,['Mg2+'],"50 mM HEPES pH 7.5, 150 mM NaCl, 2 mM KCl, 40mM MgCl2",37.0,10.1021/ja0340331
315,6CA30,CCCGTACGCTGCCATGGCGCCATTCTGGCACGTAGTGTTG,1e-07,['Mn2+'],"50 mM HEPES pH 7.5, 150 mM NaCl, 2 mM KCl, 20 mM MnCl2",25.0,10.1021/bi0478291.s001
316,6BX42,GCAGTGCTAATGAGGTATCGCAAATAAGTGCGCAGCCGAA,1e-07,['Mn2+'],"50 mM HEPES pH 7.5, 150 mM NaCl, 2 mM KCl, 20 mM MnCl2",25.0,10.1021/bi0478291.s001
317,7P4,TTCGGTGGAGGTAAGCTCTG,1e-07,['Mg2+'],"50 mM HEPES pH 7.5, 150 mM NaCl, 2 mM KCl, 40mM MgCl2",37.0,10.1021/ja0340331
318,7Q2,TTCTGCGCAGGTAAGCTGTA,1e-07,['Mg2+'],"50 mM HEPES pH 7.5, 150 mM NaCl, 2 mM KCl, 40mM MgCl2",37.0,10.1021/ja0340331
319,7Z48,ACGGGGCCGGTTTGCGTGCCTGATTGGGAGGTTAGCTCTA,1e-07,['Mg2+'],"50 mM HEPES pH 7.5, 150 mM NaCl, 2 mM KCl, 40 mM MgCl2",37.0,10.1093/nar/gkh263
320,9A12,CTTTACGGTAGGGTGCCTGTGATAATGATCAGGGGACGGC,1e-07,['Mg2+'],"50 mM HEPES pH 7.5, 150 mM NaCl, 2 mM KCl, 40 mM MgCl2",37.0,10.3410/f.1012495.185882
321,9A2,TGCGTTCTGATGAATTGCACATAGCTTATAGTTCCTTGCT,1e-07,['Mg2+'],"50 mM HEPES pH 7.5, 150 mM NaCl, 2 mM KCl, 40 mM MgCl2",37.0,10.3410/f.1012495.185882
322,9F18,GGGATGTGGGGCGCCACCAAGTTAATGTTTGGTTTGGGGA,1e-07,"['Mn2+', 'Mg2+']","50 mM HEPES pH 7.5, 20 mM MnCl2",37.0,10.1021/bi0355847.s001
323,7DE5,GTAGGGTTGGTAGACCAGGTTGAGCCGGCGTCCTTGTTTA,1e-07,['Zn2+'],"70 mM Tris pH 7.5, 150 mM NaCl, 2 mM KCl, 1 mM ZnCl2",37.0,10.1021/ja0533702.s001
324,8CW8,TACAAGGTGGGAGGAGGGAGCACCGATGCGGCATATCGTG,1e-07,['Zn2+'],"70 mM Tris pH 7.5, 150 mM NaCl, 2 mM KCl, 1 mM ZnCl2",23.0,10.1039/b813566e
325,12BB1,CCGCTCCGATTGGTGGAGTCTATTGGGGCCTGTAGGCGAG,1e-07,['Zn2+'],"70 mM Tris pH 7.5, 150 mM NaCl, 2 mM KCl, 1 mM ZnCl2",37.0,10.1021/bi050146g.s001
326,8CW13,GGGGAAGACAAGATAGTCGAGGGGGACGCGCTCTCAGCCT,1e-07,['Zn2+'],"70 mM Tris pH 7.5, 150 mM NaCl, 2 mM KCl, 1 mM ZnCl2",23.0,10.1039/b813566e
327,12BB5,CAGCGCGATTGAGTGCGTGATTGAAGCTCGGGGTTGGTTA,1e-07,['Zn2+'],"70 mM Tris pH 7.5, 150 mM NaCl, 2 mM KCl, 1 mM ZnCl2",37.0,10.1021/bi050146g.s001
328,12BB8,CACGCTGACTAGCTTCGTGAGGGGGTGTGATAGATGCGG,1e-07,['Zn2+'],"70 mM Tris pH 7.5, 150 mM NaCl, 2 mM KCl, 1 mM ZnCl2",37.0,10.1021/bi050146g.s001
329,6J2,TGCACGGGGGGTGAGGTTTCCGCCGTTGAAACGTAGCACG,1e-07,['Zn2+'],"70 mM Tris pH 7.9, 150 mM NaCl, 2 mM KCl, 1 mM ZnCl2",37.0,10.1021/bi050146g.s001
330,8LX1,GACGCCACCGAAGTCGCCATCTCCCGTAGGTGAAGGGCGTGAGGGTTCCA,1e-07,['Mn2+'],"50 mM HEPES pH 7.5, 20 mM MnCl2, 150 mM NaCl, 2 mM KCl",37.0,10.1093/nar/gkq753
331,8LX6,CAGTGCAGGGCGTGAGGGCTCCATCCCCAGTGCAGGGCGTGAGGGCTCGG,1e-07,['Mn2+'],"50 mM HEPES pH 7.5, 20 mM MnCl2, 150 mM NaCl, 2 mM KCl",37.0,10.1093/nar/gkq753
332,10-20,CTACCCATTATTCACGAATGATAGCACGAATAGTGTGAACGGGTTGATTATAGTGAC,1e-07,['Mg2+'],"25 mM MgCl2, 25 mM EPPS pH 8.5",23.0,10.3410/f.1008391.373778
333,10DM10,CCTGTGGCAAAGGGCGTGAGGGTACTGTTCC,1e-07,['Mg2+'],"50 mM CHES pH 9.0, 150 mM NaCl, 2 mM KCl, 40 mM MgCl2",37.0,10.1021/bi052499l.s001
334,7DM12,CATTATGCCCAGGGCGTGAGGGTGCGGTTCC,1e-07,['Mg2+'],"50 mM CHES pH 9.0, 150 mM NaCl, 2 mM KCl, 40 mM MgCl2",37.0,10.1021/bi052499l.s001
335,8BH41,AGGGACAAACCATAAGTCGCATCGGGTGGAACGTAGACC,1e-07,['Mg2+'],"50 mM CHES pH 9.0, 40 mM MgCl2",37.0,10.1007/s00239-004-0326-y
336,9HR17,CAGCTATATGTGCTGGACTGAGAGGGGTAGTTTCGCAGTGAGGTGTAGG,1e-07,['Mg2+'],"50 mm CHES pH 9.0, 150 mM NaCl, 2 mM KCl, 40 mM MgCl2",37.0,10.3410/f.1104143.560136
337,9DB1,GGATCATACGGTCGGAGGGGTTTGCCGTGAACATTCTTCA,1e-07,['Mg2+'],"50 mM CHES pH 9.0, 150 mM NaCl, 2 mM KCl, 40 mM MgCl2",37.0,10.1021/ja0533702.s001
338,SC8,GCGGGCCCCAATTCATTGGCTTAACTACGAGGACGTCCAG,1e-07,['Mn2+'],"50 mM HEPES pH 7.5, 2 mM KCl, 150 mM NaCl, MgCl2, 20 mM MnCl2",25.0,10.3390/molecules25163650
339,SC9,GTACGGACGTCAGTCACGAGGCAGCTGCTTTGCCAAACTG,1e-07,['Mn2+'],"50 mM HEPES pH 7.5, 2 mM KCl, 150 mM NaCl, MgCl2, 20 mM MnCl2",25.0,10.3390/molecules25163650
340,SC26,ACCGTCACAAAAGACTGTAGTTAATACCACTGCAGGTCGT,1e-07,['Mn2+'],"50 mM HEPES pH 7.5, 2 mM KCl, 150 mM NaCl, MgCl2, 20 mM MnCl2",25.0,10.3390/molecules25163650
341,SC34,GCACAGGGGTATAATTGCCTCGTACAACTTTATGTCCGAA,1e-07,['Mn2+'],"50 mM HEPES pH 7.5, 2 mM KCl, 150 mM NaCl, MgCl2, 20 mM MnCl2",25.0,10.3390/molecules25163650
342,Mg5 (class 2),AGCACGCATGACTTTGATGCCACGTAAAGTGAAAGAGCTGTTGATCTGTCAGCGACACGAAATGGTGATGCCCT,0.05461661541,['Ca2+'],"20 mM Histidine, 125 mM NaCl, 125 mM KCl, 50 mM Na2HPO4/NaH2PO4 pH 7.0, 0.5 mM MgCl2, 20 µM EDTA",37.0,10.1002/anie.199628371
343,Mg5 (class 2),AGCACGCATGACTTTGATGCCACGTAAAGTGAAAGAGCTGTTGATCTGTCAGCGACACGAAATGGTGATGCCCT,0.07379818219,['Ca2+'],"20 mM Histidine, 125 mM NaCl, 125 mM KCl, 50 mM Na2HPO4/NaH2PO4 pH 7.0, 0.5 mM MgCl2, 20 µM EDTA",37.0,10.1002/anie.199628371
344,Mg5 (class 2),AGCACGCATGACTTTGATGCCACGTAAAGTGAAAGAGCTGTTGATCTGTCAGCGACACGAAATGGTGATGCCCT,0.07962889698,['Ca2+'],"20 mM Histidine, 125 mM NaCl, 125 mM KCl, 50 mM Na2HPO4/NaH2PO4 pH 7.0, 0.5 mM MgCl2, 20 µM EDTA",37.0,10.1002/anie.199628371
345,Mg5 (class 2),AGCACGCATGACTTTGATGCCACGTAAAGTGAAAGAGCTGTTGATCTGTCAGCGACACGAAATGGTGATGCCCT,0.0807084057,['Ca2+'],"20 mM Histidine, 125 mM NaCl, 125 mM KCl, 50 mM Na2HPO4/NaH2PO4 pH 7.0, 0.5 mM MgCl2, 20 µM EDTA",37.0,10.1002/anie.199628371
346,Mg5 (class 2),AGCACGCATGACTTTGATGCCACGTAAAGTGAAAGAGCTGTTGATCTGTCAGCGACACGAAATGGTGATGCCCT,0.1146449004,['Ca2+'],"20 mM Histidine, 125 mM NaCl, 125 mM KCl, 50 mM Na2HPO4/NaH2PO4 pH 7.0, 0.5 mM MgCl2, 20 µM EDTA",37.0,10.1002/anie.199628371
347,Mg5 (class 2),AGCACGCATGACTTTGATGCCACGTAAAGTGAAAGAGCTGTTGATCTGTCAGCGACACGAAATGGTGATGCCCT,0.1216551165,['Ca2+'],"20 mM Histidine, 125 mM NaCl, 125 mM KCl, 50 mM Na2HPO4/NaH2PO4 pH 7.0, 0.5 mM MgCl2, 20 µM EDTA",37.0,10.1002/anie.199628371
348,Mg5 (class 2),AGCACGCATGACTTTGATGCCACGTAAAGTGAAAGAGCTGTTGATCTGTCAGCGACACGAAATGGTGATGCCCT,0.1285506737,['Ca2+'],"20 mM Histidine, 125 mM NaCl, 125 mM KCl, 50 mM Na2HPO4/NaH2PO4 pH 7.0, 0.5 mM MgCl2, 20 µM EDTA",37.0,10.1002/anie.199628371
349,Mg5 (class 2),AGCACGCATGACTTTGATGCCACGTAAAGTGAAAGAGCTGTTGATCTGTCAGCGACACGAAATGGTGATGCCCT,0.1276134761,['Ca2+'],"20 mM Histidine, 125 mM NaCl, 125 mM KCl, 50 mM Na2HPO4/NaH2PO4 pH 7.0, 0.5 mM MgCl2, 20 µM EDTA",37.0,10.1002/anie.199628371
350,Mg5 (class 2),AGCACGCATGACTTTGATGCCACGTAAAGTGAAAGAGCTGTTGATCTGTCAGCGACACGAAATGGTGATGCCCT,0.1382639937,['Ca2+'],"20 mM Histidine, 125 mM NaCl, 125 mM KCl, 50 mM Na2HPO4/NaH2PO4 pH 7.0, 0.5 mM MgCl2, 20 µM EDTA",37.0,10.1002/anie.199628371
351,Mg5 (class 2),AGCACGCATGACTTTGATGCCACGTAAAGTGAAAGAGCTGTTGATCTGTCAGCGACACGAAATGGTGATGCCCT,0.143686085,['Ca2+'],"20 mM Histidine, 125 mM NaCl, 125 mM KCl, 50 mM Na2HPO4/NaH2PO4 pH 7.0, 0.5 mM MgCl2, 20 µM EDTA",37.0,10.1002/anie.199628371
352,Mg5 (class 2),AGCACGCATGACTTTGATGCCACGTAAAGTGAAAGAGCTGTTGATCTGTCAGCGACACGAAATGGTGATGCCCT,0.1556898758,['Ca2+'],"20 mM Histidine, 125 mM NaCl, 125 mM KCl, 50 mM Na2HPO4/NaH2PO4 pH 7.0, 0.5 mM MgCl2, 20 µM EDTA",37.0,10.1002/anie.199628371
353,Mg5 (class 2),AGCACGCATGACTTTGATGCCACGTAAAGTGAAAGAGCTGTTGATCTGTCAGCGACACGAAATGGTGATGCCCT,0.157140386,['Ca2+'],"20 mM Histidine, 125 mM NaCl, 125 mM KCl, 50 mM Na2HPO4/NaH2PO4 pH 7.0, 0.5 mM MgCl2, 20 µM EDTA",37.0,10.1002/anie.199628371
354,Mg5 (class 2),AGCACGCATGACTTTGATGCCACGTAAAGTGAAAGAGCTGTTGATCTGTCAGCGACACGAAATGGTGATGCCCT,0.1695515706,['Ca2+'],"20 mM Histidine, 125 mM NaCl, 125 mM KCl, 50 mM Na2HPO4/NaH2PO4 pH 7.0, 0.5 mM MgCl2, 20 µM EDTA",37.0,10.1002/anie.199628371
355,Mg5 (class 2),AGCACGCATGACTTTGATGCCACGTAAAGTGAAAGAGCTGTTGATCTGTCAGCGACACGAAATGGTGATGCCCT,0.1542096509,['Ca2+'],"20 mM Histidine, 125 mM NaCl, 125 mM KCl, 50 mM Na2HPO4/NaH2PO4 pH 7.0, 0.5 mM MgCl2, 20 µM EDTA",37.0,10.1002/anie.199628371
356,Mg5 (class 2),AGCACGCATGACTTTGATGCCACGTAAAGTGAAAGAGCTGTTGATCTGTCAGCGACACGAAATGGTGATGCCCT,0.03800741203,['Ca2+'],"20 mM Histidine, 125 mM NaCl, 125 mM KCl, 50 mM Na2HPO4/NaH2PO4 pH 7.0, 0.5 mM MgCl2, 20 µM EDTA",37.0,10.1002/anie.199628371
357,Mg5 (class 2),AGCACGCATGACTTTGATGCCACGTAAAGTGAAAGAGCTGTTGATCTGTCAGCGACACGAAATGGTGATGCCCT,0.0418736954,['Ca2+'],"20 mM Histidine, 125 mM NaCl, 125 mM KCl, 50 mM Na2HPO4/NaH2PO4 pH 7.0, 0.5 mM MgCl2, 20 µM EDTA",37.0,10.1002/anie.199628371
358,Mg5 (class 2),AGCACGCATGACTTTGATGCCACGTAAAGTGAAAGAGCTGTTGATCTGTCAGCGACACGAAATGGTGATGCCCT,0.0465169674,['Ca2+'],"20 mM Histidine, 125 mM NaCl, 125 mM KCl, 50 mM Na2HPO4/NaH2PO4 pH 7.0, 0.5 mM MgCl2, 20 µM EDTA",37.0,10.1002/anie.199628371
359,Mg5 (class 2),AGCACGCATGACTTTGATGCCACGTAAAGTGAAAGAGCTGTTGATCTGTCAGCGACACGAAATGGTGATGCCCT,0.06239567057,['Ca2+'],"20 mM Histidine, 125 mM NaCl, 125 mM KCl, 50 mM Na2HPO4/NaH2PO4 pH 7.0, 0.5 mM MgCl2, 20 µM EDTA",37.0,10.1002/anie.199628371
360,Mg5 (class 2),AGCACGCATGACTTTGATGCCACGTAAAGTGAAAGAGCTGTTGATCTGTCAGCGACACGAAATGGTGATGCCCT,0.06960399254,['Ca2+'],"20 mM Histidine, 125 mM NaCl, 125 mM KCl, 50 mM Na2HPO4/NaH2PO4 pH 7.0, 0.5 mM MgCl2, 20 µM EDTA",37.0,10.1002/anie.199628371
361,Mg5 (class 2),AGCACGCATGACTTTGATGCCACGTAAAGTGAAAGAGCTGTTGATCTGTCAGCGACACGAAATGGTGATGCCCT,0.07961069093,['Ca2+'],"20 mM Histidine, 125 mM NaCl, 125 mM KCl, 50 mM Na2HPO4/NaH2PO4 pH 7.0, 0.5 mM MgCl2, 20 µM EDTA",37.0,10.1002/anie.199628371
362,Mg5 (class 2),AGCACGCATGACTTTGATGCCACGTAAAGTGAAAGAGCTGTTGATCTGTCAGCGACACGAAATGGTGATGCCCT,0.0787016765,['Ca2+'],"20 mM Histidine, 125 mM NaCl, 125 mM KCl, 50 mM Na2HPO4/NaH2PO4 pH 7.0, 0.5 mM MgCl2, 20 µM EDTA",37.0,10.1002/anie.199628371
363,Mg5 (class 2),AGCACGCATGACTTTGATGCCACGTAAAGTGAAAGAGCTGTTGATCTGTCAGCGACACGAAATGGTGATGCCCT,0.09542353453,['Ca2+'],"20 mM Histidine, 125 mM NaCl, 125 mM KCl, 50 mM Na2HPO4/NaH2PO4 pH 7.0, 0.5 mM MgCl2, 20 µM EDTA",37.0,10.1002/anie.199628371
364,Mg5 (class 2),AGCACGCATGACTTTGATGCCACGTAAAGTGAAAGAGCTGTTGATCTGTCAGCGACACGAAATGGTGATGCCCT,0.09793622829,['Ca2+'],"20 mM Histidine, 125 mM NaCl, 125 mM KCl, 50 mM Na2HPO4/NaH2PO4 pH 7.0, 0.5 mM MgCl2, 20 µM EDTA",37.0,10.1002/anie.199628371
365,Mg5 (class 2),AGCACGCATGACTTTGATGCCACGTAAAGTGAAAGAGCTGTTGATCTGTCAGCGACACGAAATGGTGATGCCCT,0.114377238,['Ca2+'],"20 mM Histidine, 125 mM NaCl, 125 mM KCl, 50 mM Na2HPO4/NaH2PO4 pH 7.0, 0.5 mM MgCl2, 20 µM EDTA",37.0,10.1002/anie.199628371
366,Mg5 (class 2),AGCACGCATGACTTTGATGCCACGTAAAGTGAAAGAGCTGTTGATCTGTCAGCGACACGAAATGGTGATGCCCT,0.1130712506,['Ca2+'],"20 mM Histidine, 125 mM NaCl, 125 mM KCl, 50 mM Na2HPO4/NaH2PO4 pH 7.0, 0.5 mM MgCl2, 20 µM EDTA",37.0,10.1002/anie.199628371
367,Mg5 (class 2),AGCACGCATGACTTTGATGCCACGTAAAGTGAAAGAGCTGTTGATCTGTCAGCGACACGAAATGGTGATGCCCT,0.1179960314,['Ca2+'],"20 mM Histidine, 125 mM NaCl, 125 mM KCl, 50 mM Na2HPO4/NaH2PO4 pH 7.0, 0.5 mM MgCl2, 20 µM EDTA",37.0,10.1002/anie.199628371
368,Mg5 (class 2),AGCACGCATGACTTTGATGCCACGTAAAGTGAAAGAGCTGTTGATCTGTCAGCGACACGAAATGGTGATGCCCT,0.1196017509,['Ca2+'],"20 mM Histidine, 125 mM NaCl, 125 mM KCl, 50 mM Na2HPO4/NaH2PO4 pH 7.0, 0.5 mM MgCl2, 20 µM EDTA",37.0,10.1002/anie.199628371
369,Mg5 (class 2),AGCACGCATGACTTTGATGCCACGTAAAGTGAAAGAGCTGTTGATCTGTCAGCGACACGAAATGGTGATGCCCT,0.0004939726,['Ca2+'],"20 mM Histidine, 125 mM NaCl, 125 mM KCl, 50 mM Na2HPO4/NaH2PO4 pH 7.0, 0.5 mM MgCl2, 20 µM EDTA",37.0,10.1002/anie.199628371
370,Mg5 (class 2),AGCACGCATGACTTTGATGCCACGTAAAGTGAAAGAGCTGTTGATCTGTCAGCGACACGAAATGGTGATGCCCT,0.0015608132,['Ca2+'],"20 mM Histidine, 125 mM NaCl, 125 mM KCl, 50 mM Na2HPO4/NaH2PO4 pH 7.0, 0.5 mM MgCl2, 20 µM EDTA",37.0,10.1002/anie.199628371
371,Mg5 (class 2),AGCACGCATGACTTTGATGCCACGTAAAGTGAAAGAGCTGTTGATCTGTCAGCGACACGAAATGGTGATGCCCT,0.001876019,['Ca2+'],"20 mM Histidine, 125 mM NaCl, 125 mM KCl, 50 mM Na2HPO4/NaH2PO4 pH 7.0, 0.5 mM MgCl2, 20 µM EDTA",37.0,10.1002/anie.199628371
372,Mg5 (class 2),AGCACGCATGACTTTGATGCCACGTAAAGTGAAAGAGCTGTTGATCTGTCAGCGACACGAAATGGTGATGCCCT,0.0030389973,['Ca2+'],"20 mM Histidine, 125 mM NaCl, 125 mM KCl, 50 mM Na2HPO4/NaH2PO4 pH 7.0, 0.5 mM MgCl2, 20 µM EDTA",37.0,10.1002/anie.199628371
373,Mg5 (class 2),AGCACGCATGACTTTGATGCCACGTAAAGTGAAAGAGCTGTTGATCTGTCAGCGACACGAAATGGTGATGCCCT,0.0092274079,['Ca2+'],"20 mM Histidine, 125 mM NaCl, 125 mM KCl, 50 mM Na2HPO4/NaH2PO4 pH 7.0, 0.5 mM MgCl2, 20 µM EDTA",37.0,10.1002/anie.199628371
374,Mg5 (class 2),AGCACGCATGACTTTGATGCCACGTAAAGTGAAAGAGCTGTTGATCTGTCAGCGACACGAAATGGTGATGCCCT,0.0124054711,['Ca2+'],"20 mM Histidine, 125 mM NaCl, 125 mM KCl, 50 mM Na2HPO4/NaH2PO4 pH 7.0, 0.5 mM MgCl2, 20 µM EDTA",37.0,10.1002/anie.199628371
375,Mg5 (class 2),AGCACGCATGACTTTGATGCCACGTAAAGTGAAAGAGCTGTTGATCTGTCAGCGACACGAAATGGTGATGCCCT,0.014586827,['Ca2+'],"20 mM Histidine, 125 mM NaCl, 125 mM KCl, 50 mM Na2HPO4/NaH2PO4 pH 7.0, 0.5 mM MgCl2, 20 µM EDTA",37.0,10.1002/anie.199628371
376,Mg5 (class 2),AGCACGCATGACTTTGATGCCACGTAAAGTGAAAGAGCTGTTGATCTGTCAGCGACACGAAATGGTGATGCCCT,0.0152614989,['Ca2+'],"20 mM Histidine, 125 mM NaCl, 125 mM KCl, 50 mM Na2HPO4/NaH2PO4 pH 7.0, 0.5 mM MgCl2, 20 µM EDTA",37.0,10.1002/anie.199628371
377,Mg5 (class 2),AGCACGCATGACTTTGATGCCACGTAAAGTGAAAGAGCTGTTGATCTGTCAGCGACACGAAATGGTGATGCCCT,0.0002123887,['Ca2+'],"20 mM Histidine, 125 mM NaCl, 125 mM KCl, 50 mM Na2HPO4/NaH2PO4 pH 7.0, 0.5 mM MgCl2, 20 µM EDTA",37.0,10.1002/anie.199628371
378,Mg5 (class 2),AGCACGCATGACTTTGATGCCACGTAAAGTGAAAGAGCTGTTGATCTGTCAGCGACACGAAATGGTGATGCCCT,0.0006848035,['Ca2+'],"20 mM Histidine, 125 mM NaCl, 125 mM KCl, 50 mM Na2HPO4/NaH2PO4 pH 7.0, 0.5 mM MgCl2, 20 µM EDTA",37.0,10.1002/anie.199628371
379,Mg5 (class 2),AGCACGCATGACTTTGATGCCACGTAAAGTGAAAGAGCTGTTGATCTGTCAGCGACACGAAATGGTGATGCCCT,0.0028863852,['Ca2+'],"20 mM Histidine, 125 mM NaCl, 125 mM KCl, 50 mM Na2HPO4/NaH2PO4 pH 7.0, 0.5 mM MgCl2, 20 µM EDTA",37.0,10.1002/anie.199628371
380,Mg5 (class 2),AGCACGCATGACTTTGATGCCACGTAAAGTGAAAGAGCTGTTGATCTGTCAGCGACACGAAATGGTGATGCCCT,0.0038991154,['Ca2+'],"20 mM Histidine, 125 mM NaCl, 125 mM KCl, 50 mM Na2HPO4/NaH2PO4 pH 7.0, 0.5 mM MgCl2, 20 µM EDTA",37.0,10.1002/anie.199628371
381,Mg5 (class 2),AGCACGCATGACTTTGATGCCACGTAAAGTGAAAGAGCTGTTGATCTGTCAGCGACACGAAATGGTGATGCCCT,0.0051067478,['Ca2+'],"20 mM Histidine, 125 mM NaCl, 125 mM KCl, 50 mM Na2HPO4/NaH2PO4 pH 7.0, 0.5 mM MgCl2, 20 µM EDTA",37.0,10.1002/anie.199628371
382,Mg5 (class 2),AGCACGCATGACTTTGATGCCACGTAAAGTGAAAGAGCTGTTGATCTGTCAGCGACACGAAATGGTGATGCCCT,0.0065038979,['Ca2+'],"20 mM Histidine, 125 mM NaCl, 125 mM KCl, 50 mM Na2HPO4/NaH2PO4 pH 7.0, 0.5 mM MgCl2, 20 µM EDTA",37.0,10.1002/anie.199628371
383,17-E,TCCGAGCCGGTCGAA,0.4576562334,['Zn2+'],"1 mM ZnCl2, 500 mM NaCl and 50 mM HEPES pH 7.0",25.0,10.1093/nar/28.2.481
384,17-E,TCCGAGCCGGTCGAA,0.5733977979,['Zn2+'],"1 mM ZnCl2, 500 mM NaCl and 50 mM HEPES pH 7.0",25.0,10.1093/nar/28.2.481
385,17-E,TCCGAGCCGGTCGAA,0.6246760253,['Zn2+'],"1 mM ZnCl2, 500 mM NaCl and 50 mM HEPES pH 7.0",25.0,10.1093/nar/28.2.481
386,17-E,TCCGAGCCGGTCGAA,0.7731778077,['Zn2+'],"1 mM ZnCl2, 500 mM NaCl and 50 mM HEPES pH 7.0",25.0,10.1093/nar/28.2.481
387,17-E,TCCGAGCCGGTCGAA,0.8219447467,['Zn2+'],"1 mM ZnCl2, 500 mM NaCl and 50 mM HEPES pH 7.0",25.0,10.1093/nar/28.2.481
388,17-E,TCCGAGCCGGTCGAA,1.06215672,['Zn2+'],"1 mM ZnCl2, 500 mM NaCl and 50 mM HEPES pH 7.0",25.0,10.1093/nar/28.2.481
389,17-E,TCCGAGCCGGTCGAA,1.236439383,['Zn2+'],"1 mM ZnCl2, 500 mM NaCl and 50 mM HEPES pH 7.0",25.0,10.1093/nar/28.2.481
390,17-E,TCCGAGCCGGTCGAA,1.607242336,['Zn2+'],"1 mM ZnCl2, 500 mM NaCl and 50 mM HEPES pH 7.0",25.0,10.1093/nar/28.2.481
391,17-E,TCCGAGCCGGTCGAA,2.01431066,['Zn2+'],"1 mM ZnCl2, 500 mM NaCl and 50 mM HEPES pH 7.0",25.0,10.1093/nar/28.2.481
392,17-E,TCCGAGCCGGTCGAA,0.4159704461,['Zn2+'],"1 mM ZnCl2, 500 mM NaCl and 50 mM HEPES pH 7.0",25.0,10.1093/nar/28.2.481
393,17-E,TCCGAGCCGGTCGAA,0.6450033153,['Zn2+'],"1 mM ZnCl2, 500 mM NaCl and 50 mM HEPES pH 7.0",25.0,10.1093/nar/28.2.481
394,17-E,TCCGAGCCGGTCGAA,0.8906412807,['Zn2+'],"1 mM ZnCl2, 500 mM NaCl and 50 mM HEPES pH 7.0",25.0,10.1093/nar/28.2.481
395,17-E,TCCGAGCCGGTCGAA,1.0812636166,['Zn2+'],"1 mM ZnCl2, 500 mM NaCl and 50 mM HEPES pH 7.0",25.0,10.1093/nar/28.2.481
396,17-E,TCCGAGCCGGTCGAA,1.1477218907,['Zn2+'],"1 mM ZnCl2, 500 mM NaCl and 50 mM HEPES pH 7.0",25.0,10.1093/nar/28.2.481
397,17-E,TCCGAGCCGGTCGAA,1.2076347447,['Zn2+'],"1 mM ZnCl2, 500 mM NaCl and 50 mM HEPES pH 7.0",25.0,10.1093/nar/28.2.481
398,17-E,TCCGAGCCGGTCGAA,1.238135834,['Zn2+'],"1 mM ZnCl2, 500 mM NaCl and 50 mM HEPES pH 7.0",25.0,10.1093/nar/28.2.481
399,10-12opt,CATTTCTCGCTTTGCTGGATGTTACTTTT,0.03045492846,['Mg2+'],"1 M NaCl, 50 mM Tris-HCl pH 7.5, 10 mM MgCl2",37.0,10.1038/s41598-019-44750-x
400,10-12opt,CATTTCTCGCTTTGCTGGATGTTACTTTT,0.04650952934,['Mg2+'],"1 M NaCl, 50 mM Tris-HCl pH 7.5, 10 mM MgCl2",37.0,10.1038/s41598-019-44750-x
401,10-12opt,CATTTCTCGCTTTGCTGGATGTTACTTTT,0.07766691774,['Mg2+'],"1 M NaCl, 50 mM Tris-HCl pH 7.5, 10 mM MgCl2",37.0,10.1038/s41598-019-44750-x
402,10-12opt,CATTTCTCGCTTTGCTGGATGTTACTTTT,0.1186119181,['Mg2+'],"1 M NaCl, 50 mM Tris-HCl pH 7.5, 10 mM MgCl2",37.0,10.1038/s41598-019-44750-x
403,PbE22 (C22),TTTCGCCAGAAGCATAGTGACTCGTGAC,0.009338557917,['Pb2+'],"60 µM Pb2+, 50 mM MES pH 6.0, 25 mM NaCl",25.0,10.1007/s00239-015-9702-z
404,PbE22 (C22),TTTCGCCAGAAGCATAGTGACTCGTGAC,0.01247563987,['Pb2+'],"60 µM Pb2+, 50 mM MES pH 6.0, 25 mM NaCl",25.0,10.1007/s00239-015-9702-z
405,PbE22 (C22),TTTCGCCAGAAGCATAGTGACTCGTGAC,0.0147927612,['Pb2+'],"60 µM Pb2+, 50 mM MES pH 6.0, 25 mM NaCl",25.0,10.1007/s00239-015-9702-z
406,PbE22 (C22),TTTCGCCAGAAGCATAGTGACTCGTGAC,0.01590953267,['Pb2+'],"60 µM Pb2+, 50 mM MES pH 6.0, 25 mM NaCl",25.0,10.1007/s00239-015-9702-z
407,PbE22 (C22),TTTCGCCAGAAGCATAGTGACTCGTGAC,0.01839331964,['Pb2+'],"60 µM Pb2+, 50 mM MES pH 6.0, 25 mM NaCl",25.0,10.1007/s00239-015-9702-z
408,PbE22 (C22),TTTCGCCAGAAGCATAGTGACTCGTGAC,0.02065817371,['Pb2+'],"60 µM Pb2+, 50 mM MES pH 6.0, 25 mM NaCl",25.0,10.1007/s00239-015-9702-z
409,PbE22 (C22),TTTCGCCAGAAGCATAGTGACTCGTGAC,0.02059376991,['Pb2+'],"60 µM Pb2+, 50 mM MES pH 6.0, 25 mM NaCl",25.0,10.1007/s00239-015-9702-z
410,PbE22 (C22),TTTCGCCAGAAGCATAGTGACTCGTGAC,0.02577938323,['Pb2+'],"60 µM Pb2+, 50 mM MES pH 6.0, 25 mM NaCl",25.0,10.1007/s00239-015-9702-z
411,PbE22 (C22),TTTCGCCAGAAGCATAGTGACTCGTGAC,0.02823034903,['Pb2+'],"60 µM Pb2+, 50 mM MES pH 6.0, 25 mM NaCl",25.0,10.1007/s00239-015-9702-z
412,PbE22 (C22),TTTCGCCAGAAGCATAGTGACTCGTGAC,0.02570494873,['Pb2+'],"60 µM Pb2+, 50 mM MES pH 6.0, 25 mM NaCl",25.0,10.1007/s00239-015-9702-z
413,PbE22 (C22),TTTCGCCAGAAGCATAGTGACTCGTGAC,0.02646544483,['Pb2+'],"60 µM Pb2+, 50 mM MES pH 6.0, 25 mM NaCl",25.0,10.1007/s00239-015-9702-z
414,PbE22 (C22),TTTCGCCAGAAGCATAGTGACTCGTGAC,0.00841939734,['Pb2+'],"60 µM Pb2+, 50 mM MES pH 6.0, 25 mM NaCl",25.0,10.1007/s00239-015-9702-z
415,PbE22 (C22),TTTCGCCAGAAGCATAGTGACTCGTGAC,0.00731602786,['Pb2+'],"60 µM Pb2+, 50 mM MES pH 6.0, 25 mM NaCl",25.0,10.1007/s00239-015-9702-z
416,PbE22 (C22),TTTCGCCAGAAGCATAGTGACTCGTGAC,0.0002645502646,['Pb2+'],"60 µM Pb2+, 50 mM MES pH 6.0, 25 mM NaCl",25.0,10.1007/s00239-015-9702-z
417,PbE22 (C22),TTTCGCCAGAAGCATAGTGACTCGTGAC,0.003791887125,['Pb2+'],"60 µM Pb2+, 50 mM MES pH 6.0, 25 mM NaCl",25.0,10.1007/s00239-015-9702-z
418,PbE22 (C22),TTTCGCCAGAAGCATAGTGACTCGTGAC,0.005555555556,['Pb2+'],"60 µM Pb2+, 50 mM MES pH 6.0, 25 mM NaCl",25.0,10.1007/s00239-015-9702-z
419,PbE22 (C22),TTTCGCCAGAAGCATAGTGACTCGTGAC,0.01402116402,['Pb2+'],"60 µM Pb2+, 50 mM MES pH 6.0, 25 mM NaCl",25.0,10.1007/s00239-015-9702-z
420,PbE22 (C22),TTTCGCCAGAAGCATAGTGACTCGTGAC,0.02689594356,['Pb2+'],"60 µM Pb2+, 50 mM MES pH 6.0, 25 mM NaCl",25.0,10.1007/s00239-015-9702-z
421,PbE22 (C22),TTTCGCCAGAAGCATAGTGACTCGTGAC,0.02883597884,['Pb2+'],"60 µM Pb2+, 50 mM MES pH 6.0, 25 mM NaCl",25.0,10.1007/s00239-015-9702-z
422,PbE22 (C22),TTTCGCCAGAAGCATAGTGACTCGTGAC,0.05952380952,['Pb2+'],"60 µM Pb2+, 50 mM MES pH 6.0, 25 mM NaCl",25.0,10.1007/s00239-015-9702-z
423,PbE22 (C22),TTTCGCCAGAAGCATAGTGACTCGTGAC,0.0537037037,['Pb2+'],"60 µM Pb2+, 50 mM MES pH 6.0, 25 mM NaCl",25.0,10.1007/s00239-015-9702-z
424,PbE22 (C22),TTTCGCCAGAAGCATAGTGACTCGTGAC,0.05793650794,['Pb2+'],"60 µM Pb2+, 50 mM MES pH 6.0, 25 mM NaCl",25.0,10.1007/s00239-015-9702-z
425,2024-10-23 00:00:00,GGCTAGCTACAACGA,0.5,"['Mg2+', 'Zn2+', 'Pb2+', 'Ca2+']","2 mM MgCl2, 150 mM NaCl, and 50 mM Tris⋅HCl pH 7.5",37.0,10.1073/pnas.94.9.4262
426,2024-10-23 00:00:00,GGCTAGCTACAACGA,0.8720930233,"['Mg2+', 'Zn2+', 'Pb2+', 'Ca2+']","2 mM MgCl2, 150 mM NaCl, and 50 mM Tris⋅HCl pH 7.5",37.0,10.1073/pnas.94.9.4262
427,2024-10-23 00:00:00,GGCTAGCTACAACGA,1.2906976744,"['Mg2+', 'Zn2+', 'Pb2+', 'Ca2+']","2 mM MgCl2, 150 mM NaCl, and 50 mM Tris⋅HCl pH 7.5",37.0,10.1073/pnas.94.9.4262
428,2024-10-23 00:00:00,GGCTAGCTACAACGA,2.1744186047,"['Mg2+', 'Zn2+', 'Pb2+', 'Ca2+']","2 mM MgCl2, 150 mM NaCl, and 50 mM Tris⋅HCl pH 7.5",37.0,10.1073/pnas.94.9.4262
429,2024-10-23 00:00:00,GGCTAGCTACAACGA,3.0,"['Mg2+', 'Zn2+', 'Pb2+', 'Ca2+']","2 mM MgCl2, 150 mM NaCl, and 50 mM Tris⋅HCl pH 7.5",37.0,10.1073/pnas.94.9.4262
430,2024-10-23 00:00:00,GGCTAGCTACAACGA,3.2093023256,"['Mg2+', 'Zn2+', 'Pb2+', 'Ca2+']","2 mM MgCl2, 150 mM NaCl, and 50 mM Tris⋅HCl pH 7.5",37.0,10.1073/pnas.94.9.4262
431,8-17,GGCTAGCTACAACGA,3.9651162791,"['Mg2+', 'Zn2+', 'Pb2+', 'Ca2+']","2 mM MgCl2, 150 mM NaCl, and 50 mM Tris⋅HCl pH 7.5",37.0,10.1073/pnas.94.9.4262
432,NaA43,ACGTCCATCTCCAGGTCAAAGGTGGGTGAGGGGACGCCAAGAGTCCCCGCGGTTAGTGAG,0.02,['Na+'],"50 mM Bis-Tris pH 7.0, 1 mM EDTA, 10 mM sodium citrate, 105 mM NaCl",24.0,10.1021/jacsau.3c00062.s001
433,NaA43,ACGTCCATCTCCAGGTCAAAGGTGGGTGAGGGGACGCCAAGAGTCCCCGCGGTTAGTGAG,0.04,['Na+'],"50 mM Bis-Tris pH 7.0, 1 mM EDTA, 10 mM sodium citrate, 105 mM NaCl",24.0,10.1021/jacsau.3c00062.s001
434,NaA43,ACGTCCATCTCCAGGTCAAAGGTGGGTGAGGGGACGCCAAGAGTCCCCGCGGTTAGTGAG,0.05,['Na+'],"50 mM Bis-Tris pH 7.0, 1 mM EDTA, 10 mM sodium citrate, 105 mM NaCl",24.0,10.1021/jacsau.3c00062.s001
435,NaA43,ACGTCCATCTCCAGGTCAAAGGTGGGTGAGGGGACGCCAAGAGTCCCCGCGGTTAGTGAG,0.07,['Na+'],"50 mM Bis-Tris pH 7.0, 1 mM EDTA, 10 mM sodium citrate, 105 mM NaCl",24.0,10.1021/jacsau.3c00062.s001
436,NaA43,ACGTCCATCTCCAGGTCAAAGGTGGGTGAGGGGACGCCAAGAGTCCCCGCGGTTAGTGAG,0.11,['Na+'],"50 mM Bis-Tris pH 7.0, 1 mM EDTA, 10 mM sodium citrate, 105 mM NaCl",24.0,10.1021/jacsau.3c00062.s001
437,G3,TTTACCCAAGAAGGGGTGCGTACTATGCTACCTTATTAACG,0.00044915854,[],"0.5 M NaCI, 50 mM HEPES, pH 7.0",23.0,10.1016/s1074-5521(97)90244-1
438,G3,TTTACCCAAGAAGGGGTGCGTACTATGCTACCTTATTAACG,0.00162330536,[],"0.5 M NaCI, 50 mM HEPES, pH 7.0",23.0,10.1016/s1074-5521(97)90244-1
439,G3,TTTACCCAAGAAGGGGTGCGTACTATGCTACCTTATTAACG,0.00393556007,[],"0.5 M NaCI, 50 mM HEPES, pH 7.0",23.0,10.1016/s1074-5521(97)90244-1
440,G3,TTTACCCAAGAAGGGGTGCGTACTATGCTACCTTATTAACG,0.00406813482,[],"0.5 M NaCI, 50 mM HEPES, pH 7.0",23.0,10.1016/s1074-5521(97)90244-1
441,G3,TTTACCCAAGAAGGGGTGCGTACTATGCTACCTTATTAACG,0.00202091931,[],"0.5 M NaCI, 50 mM HEPES, pH 7.0",23.0,10.1016/s1074-5521(97)90244-1
442,G3,TTTACCCAAGAAGGGGTGCGTACTATGCTACCTTATTAACG,0.0782,[],"0.5 M NaCI, 50 mM HEPES pH 7.0",23.0,10.1016/s1074-5521(97)90244-1
443,G3,TTTACCCAAGAAGGGGTGCGTACTATGCTACCTTATTAACG,0.08014752707,[],"0.5 M NaCI, 50 mM HEPES pH 7.0",23.0,10.1016/s1074-5521(97)90244-1
444,G3,TTTACCCAAGAAGGGGTGCGTACTATGCTACCTTATTAACG,0.08450480126,[],"0.5 M NaCI, 50 mM HEPES pH 7.0",23.0,10.1016/s1074-5521(97)90244-1
445,G3,TTTACCCAAGAAGGGGTGCGTACTATGCTACCTTATTAACG,0.08691900564,[],"0.5 M NaCI, 50 mM HEPES pH 7.0",23.0,10.1016/s1074-5521(97)90244-1
446,G3,TTTACCCAAGAAGGGGTGCGTACTATGCTACCTTATTAACG,0.08536733808,[],"0.5 M NaCI, 50 mM HEPES pH 7.0",23.0,10.1016/s1074-5521(97)90244-1
447,G3,TTTACCCAAGAAGGGGTGCGTACTATGCTACCTTATTAACG,0.08810215337,[],"0.5 M NaCI, 50 mM HEPES pH 7.0",23.0,10.1016/s1074-5521(97)90244-1
448,G3,TTTACCCAAGAAGGGGTGCGTACTATGCTACCTTATTAACG,0.08869667808,[],"0.5 M NaCI, 50 mM HEPES pH 7.0",23.0,10.1016/s1074-5521(97)90244-1
449,G3,TTTACCCAAGAAGGGGTGCGTACTATGCTACCTTATTAACG,0.09213712198,[],"0.5 M NaCI, 50 mM HEPES pH 7.0",23.0,10.1016/s1074-5521(97)90244-1
450,G3,TTTACCCAAGAAGGGGTGCGTACTATGCTACCTTATTAACG,0.09275501641,[],"0.5 M NaCI, 50 mM HEPES pH 7.0",23.0,10.1016/s1074-5521(97)90244-1
451,G3,TTTACCCAAGAAGGGGTGCGTACTATGCTACCTTATTAACG,0.09185773903,[],"0.5 M NaCI, 50 mM HEPES pH 7.0",23.0,10.1016/s1074-5521(97)90244-1
452,G3,TTTACCCAAGAAGGGGTGCGTACTATGCTACCTTATTAACG,0.09371475728,[],"0.5 M NaCI, 50 mM HEPES pH 7.0",23.0,10.1016/s1074-5521(97)90244-1
453,G3,TTTACCCAAGAAGGGGTGCGTACTATGCTACCTTATTAACG,0.08775911614,[],"0.5 M NaCI, 50 mM HEPES pH 7.0",23.0,10.1016/s1074-5521(97)90244-1
454,G3,TTTACCCAAGAAGGGGTGCGTACTATGCTACCTTATTAACG,0.0017618355,[],"1 M NaCI, 50 mM HEPES pH 7.0",3.9107584287,10.1016/s1074-5521(97)90244-1
455,G3,TTTACCCAAGAAGGGGTGCGTACTATGCTACCTTATTAACG,0.0029107584,[],"1 M NaCI, 50 mM HEPES pH 7.0",14.7194582355,10.1016/s1074-5521(97)90244-1
456,G3,TTTACCCAAGAAGGGGTGCGTACTATGCTACCTTATTAACG,0.0031946447,[],"1 M NaCI, 50 mM HEPES pH 7.0",21.7360144581,10.1016/s1074-5521(97)90244-1
457,G3,TTTACCCAAGAAGGGGTGCGTACTATGCTACCTTATTAACG,0.0032707991,[],"1 M NaCI, 50 mM HEPES pH 7.0",25.0495440288,10.1016/s1074-5521(97)90244-1
458,G3,TTTACCCAAGAAGGGGTGCGTACTATGCTACCTTATTAACG,0.0029903197,[],"1 M NaCI, 50 mM HEPES pH 7.0",28.9177174432,10.1016/s1074-5521(97)90244-1
459,G3,TTTACCCAAGAAGGGGTGCGTACTATGCTACCTTATTAACG,0.0016035439,[],"1 M NaCI, 50 mM HEPES pH 7.0",38.1690521199,10.1016/s1074-5521(97)90244-1
460,G3,TTTACCCAAGAAGGGGTGCGTACTATGCTACCTTATTAACG,4.87131e-05,[],"1 M NaCI, 50 mM HEPES pH 7.0",50.4846382351,10.1016/s1074-5521(97)90244-1
461,G3,TTTACCCAAGAAGGGGTGCGTACTATGCTACCTTATTAACG,3.30917e-05,[],"1 M NaCI, 50 mM HEPES pH 7.0",60.5741706309,10.1016/s1074-5521(97)90244-1
462,Clone11-34,TACAGATAGATCAAGACGTCTGGTAGCCTTGCTGTTGGAT,0.000652519,['Zn2+'],"500 mM NaCl, 50 mM HEPES pH 7.0, ZnCl2 0.1 µM",90.0,10.1007/s00239-004-0374-3
463,Clone11-34,TACAGATAGATCAAGACGTCTGGTAGCCTTGCTGTTGGAT,0.001959059,['Zn2+'],"500 mM NaCl, 50 mM HEPES pH 7.0, ZnCl2 0.1 µM",90.0,10.1007/s00239-004-0374-3
464,Clone11-34,TACAGATAGATCAAGACGTCTGGTAGCCTTGCTGTTGGAT,0.002480688,['Zn2+'],"500 mM NaCl, 50 mM HEPES pH 7.0, ZnCl2 0.1 µM",90.0,10.1007/s00239-004-0374-3
465,Clone11-34,TACAGATAGATCAAGACGTCTGGTAGCCTTGCTGTTGGAT,0.008917904,['Zn2+'],"500 mM NaCl, 50 mM HEPES pH 7.0, ZnCl2 0.1 µM",90.0,10.1007/s00239-004-0374-3
466,Clone11-34,TACAGATAGATCAAGACGTCTGGTAGCCTTGCTGTTGGAT,0.014349841,['Zn2+'],"500 mM NaCl, 50 mM HEPES pH 7.0, ZnCl2 0.1 µM",90.0,10.1007/s00239-004-0374-3
467,Clone11-34,TACAGATAGATCAAGACGTCTGGTAGCCTTGCTGTTGGAT,0.017155394,['Zn2+'],"500 mM NaCl, 50 mM HEPES pH 7.0, ZnCl2 0.1 µM",90.0,10.1007/s00239-004-0374-3
468,Clone11-34,TACAGATAGATCAAGACGTCTGGTAGCCTTGCTGTTGGAT,0.017395288,['Zn2+'],"500 mM NaCl, 50 mM HEPES pH 7.0, ZnCl2 0.1 µM",90.0,10.1007/s00239-004-0374-3
469,Clone11-34,TACAGATAGATCAAGACGTCTGGTAGCCTTGCTGTTGGAT,0.018211312,['Zn2+'],"500 mM NaCl, 50 mM HEPES pH 7.0, ZnCl2 0.1 µM",90.0,10.1007/s00239-004-0374-3
470,Clone11-34,TACAGATAGATCAAGACGTCTGGTAGCCTTGCTGTTGGAT,0.001819016,['Zn2+'],"500 mM NaCl, 50 mM HEPES pH 7.0, ZnCl2 0.1 µM",50.117302053,10.1007/s00239-004-0374-3
471,Clone11-34,TACAGATAGATCAAGACGTCTGGTAGCCTTGCTGTTGGAT,0.002368333,['Zn2+'],"500 mM NaCl, 50 mM HEPES pH 7.0, ZnCl2 0.1 µM",59.853372434,10.1007/s00239-004-0374-3
472,Clone11-34,TACAGATAGATCAAGACGTCTGGTAGCCTTGCTGTTGGAT,0.004786854,['Zn2+'],"500 mM NaCl, 50 mM HEPES pH 7.0, ZnCl2 0.1 µM",69.941348974,10.1007/s00239-004-0374-3
473,Clone11-34,TACAGATAGATCAAGACGTCTGGTAGCCTTGCTGTTGGAT,0.007530577,['Zn2+'],"500 mM NaCl, 50 mM HEPES pH 7.0, ZnCl2 0.1 µM",80.029325513,10.1007/s00239-004-0374-3
474,Clone11-34,TACAGATAGATCAAGACGTCTGGTAGCCTTGCTGTTGGAT,0.022550962,['Zn2+'],"500 mM NaCl, 50 mM HEPES pH 7.0, ZnCl2 0.1 µM",90.0,10.1007/s00239-004-0374-3
475,Clone11-34,TACAGATAGATCAAGACGTCTGGTAGCCTTGCTGTTGGAT,0.029768376,['Zn2+'],"500 mM NaCl, 50 mM HEPES pH 7.0, ZnCl2 0.1 µM",99.032258065,10.1007/s00239-004-0374-3
476,Dy10a,TATTGCGTAAAGCATCAGTTTTCTGATACAAGG,1e-07,['Sm3+'],"50 mM MES, pH 6.0, 25 mM NaCl,  Ln3+",25.0,10.1021/acs.biochem.6b00132.s001
477,Dy10a,TATTGCGTAAAGCATCAGTTTTCTGATACAAGG,0.01290123511,['Sm3+'],"50 mM MES, pH 6.0, 25 mM NaCl,  Ln3+",25.0,10.1021/acs.biochem.6b00132.s001
478,Dy10a,TATTGCGTAAAGCATCAGTTTTCTGATACAAGG,0.09937495041,['Sm3+'],"50 mM MES, pH 6.0, 25 mM NaCl,  Ln3+",25.0,10.1021/acs.biochem.6b00132.s001
479,Dy10a,TATTGCGTAAAGCATCAGTTTTCTGATACAAGG,0.30594810942,['Sm3+'],"50 mM MES, pH 6.0, 25 mM NaCl,  Ln3+",25.0,10.1021/acs.biochem.6b00132.s001
480,Dy10a,TATTGCGTAAAGCATCAGTTTTCTGATACAAGG,0.4641112218,['Sm3+'],"50 mM MES, pH 6.0, 25 mM NaCl,  Ln3+",25.0,10.1021/acs.biochem.6b00132.s001
481,Dy10a,TATTGCGTAAAGCATCAGTTTTCTGATACAAGG,0.59067979653,['Sm3+'],"50 mM MES, pH 6.0, 25 mM NaCl,  Ln3+",25.0,10.1021/acs.biochem.6b00132.s001
482,Dy10a,TATTGCGTAAAGCATCAGTTTTCTGATACAAGG,0.67436591408,['Sm3+'],"50 mM MES, pH 6.0, 25 mM NaCl,  Ln3+",25.0,10.1021/acs.biochem.6b00132.s001
483,Dy10a,TATTGCGTAAAGCATCAGTTTTCTGATACAAGG,0.4943445115,['Sm3+'],"50 mM MES pH 6.0, 25 mM NaCl,  Ln3+",25.0,10.1021/acs.biochem.6b00132.s001
484,Dy10a,TATTGCGTAAAGCATCAGTTTTCTGATACAAGG,0.5053964742,['Sm3+'],"50 mM MES pH 6.0, 25 mM NaCl,  Ln3+",25.0,10.1021/acs.biochem.6b00132.s001
485,Dy10a,TATTGCGTAAAGCATCAGTTTTCTGATACAAGG,0.5346565754,['Sm3+'],"50 mM MES pH 6.0, 25 mM NaCl,  Ln3+",25.0,10.1021/acs.biochem.6b00132.s001
486,Dy10a,TATTGCGTAAAGCATCAGTTTTCTGATACAAGG,0.5805852729,['Sm3+'],"50 mM MES pH 6.0, 25 mM NaCl,  Ln3+",25.0,10.1021/acs.biochem.6b00132.s001
487,Dy10a,TATTGCGTAAAGCATCAGTTTTCTGATACAAGG,0.5577080854,['Sm3+'],"50 mM MES pH 6.0, 25 mM NaCl,  Ln3+",25.0,10.1021/acs.biochem.6b00132.s001
488,Dy10a,TATTGCGTAAAGCATCAGTTTTCTGATACAAGG,0.6279299689,['Sm3+'],"50 mM MES pH 6.0, 25 mM NaCl,  Ln3+",25.0,10.1021/acs.biochem.6b00132.s001
489,Dy10a,TATTGCGTAAAGCATCAGTTTTCTGATACAAGG,0.6266690658,['Sm3+'],"50 mM MES pH 6.0, 25 mM NaCl,  Ln3+",25.0,10.1021/acs.biochem.6b00132.s001
490,Dy10a,TATTGCGTAAAGCATCAGTTTTCTGATACAAGG,0.6957157757,['Sm3+'],"50 mM MES pH 6.0, 25 mM NaCl,  Ln3+",25.0,10.1021/acs.biochem.6b00132.s001
491,Dy10a,TATTGCGTAAAGCATCAGTTTTCTGATACAAGG,0.6818711471,['Sm3+'],"50 mM MES pH 6.0, 25 mM NaCl,  Ln3+",25.0,10.1021/acs.biochem.6b00132.s001
492,Dy10a,TATTGCGTAAAGCATCAGTTTTCTGATACAAGG,0.7041571179,['Sm3+'],"50 mM MES pH 6.0, 25 mM NaCl,  Ln3+",25.0,10.1021/acs.biochem.6b00132.s001
493,Dy10a,TATTGCGTAAAGCATCAGTTTTCTGATACAAGG,0.7155717777,['Sm3+'],"50 mM MES pH 6.0, 25 mM NaCl,  Ln3+",25.0,10.1021/acs.biochem.6b00132.s001
494,Dy10a,TATTGCGTAAAGCATCAGTTTTCTGATACAAGG,0.8121743858,['Sm3+'],"50 mM MES pH 6.0, 25 mM NaCl,  Ln3+",25.0,10.1021/acs.biochem.6b00132.s001
495,Dy10a,TATTGCGTAAAGCATCAGTTTTCTGATACAAGG,0.8420976509,['Sm3+'],"50 mM MES pH 6.0, 25 mM NaCl,  Ln3+",25.0,10.1021/acs.biochem.6b00132.s001
496,Dy10a,TATTGCGTAAAGCATCAGTTTTCTGATACAAGG,0.9016601643,['Sm3+'],"50 mM MES pH 6.0, 25 mM NaCl,  Ln3+",25.0,10.1021/acs.biochem.6b00132.s001
497,Dy10a,TATTGCGTAAAGCATCAGTTTTCTGATACAAGG,0.9107677656,['Sm3+'],"50 mM MES pH 6.0, 25 mM NaCl,  Ln3+",25.0,10.1021/acs.biochem.6b00132.s001
498,Dy10a,TATTGCGTAAAGCATCAGTTTTCTGATACAAGG,0.8766404995,['Sm3+'],"50 mM MES pH 6.0, 25 mM NaCl,  Ln3+",25.0,10.1021/acs.biochem.6b00132.s001
499,Dy10a,TATTGCGTAAAGCATCAGTTTTCTGATACAAGG,0.5852721115,['Sm3+'],"50 mM MES pH 6.0, 25 mM NaCl,  Ln3+",25.0,10.1021/acs.biochem.6b00132.s001
500,Dy10a,TATTGCGTAAAGCATCAGTTTTCTGATACAAGG,0.6818711471,['Sm3+'],"50 mM MES pH 6.0, 25 mM NaCl,  Ln3+",25.0,10.1021/acs.biochem.6b00132.s001
501,Dy10a,TATTGCGTAAAGCATCAGTTTTCTGATACAAGG,0.6656207761,['Sm3+'],"50 mM MES pH 6.0, 25 mM NaCl,  Ln3+",25.0,10.1021/acs.biochem.6b00132.s001
502,Dy10a,TATTGCGTAAAGCATCAGTTTTCTGATACAAGG,0.6092799756,['Sm3+'],"50 mM MES pH 6.0, 25 mM NaCl,  Ln3+",25.0,10.1021/acs.biochem.6b00132.s001
503,EtNa,TTTCGCCATCTTTTCTCACACCGTACTCGGTAAGGTTGTTAGTGACTCGTGAC,0.004102564103,"['Na+', 'M2+-independent']","50 mM MES, pH 6.0, 130 mM NaCl, 60% (V/V) alcohol",25.0,10.1002/cbic.201500603
504,EtNa,TTTCGCCATCTTTTCTCACACCGTACTCGGTAAGGTTGTTAGTGACTCGTGAC,0.009743589744,"['Na+', 'M2+-independent']","50 mM MES, pH 6.0, 130 mM NaCl, 60% (V/V) alcohol",25.0,10.1002/cbic.201500603
505,EtNa,TTTCGCCATCTTTTCTCACACCGTACTCGGTAAGGTTGTTAGTGACTCGTGAC,0.02435897436,"['Na+', 'M2+-independent']","50 mM MES, pH 6.0, 130 mM NaCl, 60% (V/V) alcohol",25.0,10.1002/cbic.201500603
506,EtNa,TTTCGCCATCTTTTCTCACACCGTACTCGGTAAGGTTGTTAGTGACTCGTGAC,0.04,"['Na+', 'M2+-independent']","50 mM MES, pH 6.0, 130 mM NaCl, 60% (V/V) alcohol",25.0,10.1002/cbic.201500603
507,EtNa,TTTCGCCATCTTTTCTCACACCGTACTCGGTAAGGTTGTTAGTGACTCGTGAC,0.04743589744,"['Na+', 'M2+-independent']","50 mM MES, pH 6.0, 130 mM NaCl, 60% (V/V) alcohol",25.0,10.1002/cbic.201500603
508,EtNa,TTTCGCCATCTTTTCTCACACCGTACTCGGTAAGGTTGTTAGTGACTCGTGAC,1e-07,"['Na+', 'M2+-independent']","50 mM MES pH 6.0, 130 mM NaCl, 60% (V/V) alcohol",25.0,10.1002/cbic.201500603
509,EtNa,TTTCGCCATCTTTTCTCACACCGTACTCGGTAAGGTTGTTAGTGACTCGTGAC,0.002618760927,"['Na+', 'M2+-independent']","50 mM MES pH 6.0, 130 mM NaCl, 60% (V/V) alcohol",25.0,10.1002/cbic.201500603
510,EtNa,TTTCGCCATCTTTTCTCACACCGTACTCGGTAAGGTTGTTAGTGACTCGTGAC,0.01066314279,"['Na+', 'M2+-independent']","50 mM MES pH 6.0, 130 mM NaCl, 60% (V/V) alcohol",25.0,10.1002/cbic.201500603
511,EtNa,TTTCGCCATCTTTTCTCACACCGTACTCGGTAAGGTTGTTAGTGACTCGTGAC,0.01972795363,"['Na+', 'M2+-independent']","50 mM MES pH 6.0, 130 mM NaCl, 60% (V/V) alcohol",25.0,10.1002/cbic.201500603
512,EtNa,TTTCGCCATCTTTTCTCACACCGTACTCGGTAAGGTTGTTAGTGACTCGTGAC,0.02743219249,"['Na+', 'M2+-independent']","50 mM MES pH 6.0, 130 mM NaCl, 60% (V/V) alcohol",25.0,10.1002/cbic.201500603
513,EtNa,TTTCGCCATCTTTTCTCACACCGTACTCGGTAAGGTTGTTAGTGACTCGTGAC,0.04227875399,"['Na+', 'M2+-independent']","50 mM MES pH 6.0, 130 mM NaCl, 60% (V/V) alcohol",25.0,10.1002/cbic.201500603
514,EtNa,TTTCGCCATCTTTTCTCACACCGTACTCGGTAAGGTTGTTAGTGACTCGTGAC,0.05802737471,"['Na+', 'M2+-independent']","50 mM MES pH 6.0, 130 mM NaCl, 60% (V/V) alcohol",25.0,10.1002/cbic.201500603
515,Dz12-91,ATGATGCAGCGCATGTGTC,0.0027984742,['M2+-independent'],"50 mM Tris⋅HCl, pH 7.4, 200 mM NaCl, 1 mM EDTA",24.0,10.1021/co3001378
516,Dz12-91,ATGATGCAGCGCATGTGTC,0.0053924796,['M2+-independent'],"50 mM Tris⋅HCl, pH 7.4, 200 mM NaCl, 1 mM EDTA",24.0,10.1021/co3001378
517,Dz12-91,ATGATGCAGCGCATGTGTC,0.0158811912,['M2+-independent'],"50 mM Tris⋅HCl, pH 7.4, 200 mM NaCl, 1 mM EDTA",24.0,10.1021/co3001378
518,Dz12-91,ATGATGCAGCGCATGTGTC,0.0190611083,['M2+-independent'],"50 mM Tris⋅HCl, pH 7.4, 200 mM NaCl, 1 mM EDTA",24.0,10.1021/co3001378
519,Dz12-91,ATGATGCAGCGCATGTGTC,0.0259371491,['M2+-independent'],"50 mM Tris⋅HCl, pH 7.4, 200 mM NaCl, 1 mM EDTA",24.0,10.1021/co3001378
520,Dz12-91,ATGATGCAGCGCATGTGTC,0.0244950238,['M2+-independent'],"50 mM Tris⋅HCl, pH 7.4, 200 mM NaCl, 1 mM EDTA",24.0,10.1021/co3001378
521,Dz12-91,ATGATGCAGCGCATGTGTC,0.0135569066,['M2+-independent'],"50 mM Tris⋅HCl, pH 7.4, 200 mM NaCl, 1 mM EDTA",24.0,10.1021/co3001378
522,Dz12-91,ATGATGCAGCGCATGTGTC,0.0056590889,['M2+-independent'],"50 mM sodium cacodylate pH 7.4, 200 mM NaCl, 1 mM EDTA",3.9832869081,10.1021/co3001378
523,Dz12-91,ATGATGCAGCGCATGTGTC,0.0168021771,['M2+-independent'],"50 mM sodium cacodylate pH 7.4, 200 mM NaCl, 1 mM EDTA",13.008356546,10.1021/co3001378
524,Dz12-91,ATGATGCAGCGCATGTGTC,0.0235390165,['M2+-independent'],"50 mM sodium cacodylate pH 7.4, 200 mM NaCl, 1 mM EDTA",23.9554317549,10.1021/co3001378
525,Dz12-91,ATGATGCAGCGCATGTGTC,0.0473732719,['M2+-independent'],"50 mM sodium cacodylate pH 7.4, 200 mM NaCl, 1 mM EDTA",29.9721448468,10.1021/co3001378
526,Dz12-91,ATGATGCAGCGCATGTGTC,0.088083129,['M2+-independent'],"50 mM sodium cacodylate pH 7.4, 200 mM NaCl, 1 mM EDTA",36.991643454,10.1021/co3001378
527,Dz12-91,ATGATGCAGCGCATGTGTC,0.0547008459,['M2+-independent'],"50 mM sodium cacodylate pH 7.4, 200 mM NaCl, 1 mM EDTA",45.0139275766,10.1021/co3001378
528,Dz9-86,TCATGCAGCGCGTAGTGTC,0.0104235299,['M2+-independent'],"50 mM sodium cacodylate, pH 7.4, 200 mM NaCl, 1 mM EDTA",24.0,10.1093/nar/gkn1070
529,Dz9-86,TCATGCAGCGCGTAGTGTC,0.0309772423,['M2+-independent'],"50 mM sodium cacodylate, pH 7.4, 200 mM NaCl, 1 mM EDTA",24.0,10.1093/nar/gkn1070
530,Dz9-86,TCATGCAGCGCGTAGTGTC,0.0695906331,['M2+-independent'],"50 mM sodium cacodylate, pH 7.4, 200 mM NaCl, 1 mM EDTA",24.0,10.1093/nar/gkn1070
531,Dz9-86,TCATGCAGCGCGTAGTGTC,0.1246844382,['M2+-independent'],"50 mM sodium cacodylate, pH 7.4, 200 mM NaCl, 1 mM EDTA",24.0,10.1093/nar/gkn1070
532,Dz9-86,TCATGCAGCGCGTAGTGTC,0.131170285,['M2+-independent'],"50 mM sodium cacodylate, pH 7.4, 200 mM NaCl, 1 mM EDTA",24.0,10.1093/nar/gkn1070
533,Dz9-86,TCATGCAGCGCGTAGTGTC,0.0946939449,['M2+-independent'],"50 mM sodium cacodylate, pH 7.4, 200 mM NaCl, 1 mM EDTA",24.0,10.1093/nar/gkn1070
534,Dz9-86,TCATGCAGCGCGTAGTGTC,0.0256758435,['M2+-independent'],"50 mM sodium cacodylate, pH 7.4, 200 mM NaCl, 1 mM EDTA",24.0,10.1093/nar/gkn1070
535,Dz9-86,TCATGCAGCGCGTAGTGTC,0.010070922,['M2+-independent'],"50 mM sodium cacodylate pH 7.4, 200 mM NaCl, 1 mM EDTA",15.496183206,10.1093/nar/gkn1070
536,Dz9-86,TCATGCAGCGCGTAGTGTC,0.02070922,['M2+-independent'],"50 mM sodium cacodylate pH 7.4, 200 mM NaCl, 1 mM EDTA",20.0,10.1093/nar/gkn1070
537,Dz9-86,TCATGCAGCGCGTAGTGTC,0.085248227,['M2+-independent'],"50 mM sodium cacodylate pH 7.4, 200 mM NaCl, 1 mM EDTA",27.557251908,10.1093/nar/gkn1070
538,Dz9-86,TCATGCAGCGCGTAGTGTC,0.079929078,['M2+-independent'],"50 mM sodium cacodylate pH 7.4, 200 mM NaCl, 1 mM EDTA",30.534351145,10.1093/nar/gkn1070
539,Dz9-86,TCATGCAGCGCGTAGTGTC,0.11929078,['M2+-independent'],"50 mM sodium cacodylate pH 7.4, 200 mM NaCl, 1 mM EDTA",36.564885496,10.1093/nar/gkn1070
540,Dz9-86,TCATGCAGCGCGTAGTGTC,0.12248227,['M2+-independent'],"50 mM sodium cacodylate pH 7.4, 200 mM NaCl, 1 mM EDTA",40.229007634,10.1093/nar/gkn1070
541,Dz9-86,TCATGCAGCGCGTAGTGTC,0.094822695,['M2+-independent'],"50 mM sodium cacodylate pH 7.4, 200 mM NaCl, 1 mM EDTA",46.259541985,10.1093/nar/gkn1070
542,Dz9-86,TCATGCAGCGCGTAGTGTC,0.047659574,['M2+-independent'],"50 mM sodium cacodylate pH 7.4, 200 mM NaCl, 1 mM EDTA",52.213740458,10.1093/nar/gkn1070
543,Dz7-38-32,TTACAGTGGTATCGATTGGGACGTGTGGAGCGTCAGGATGGTACA,0.027911265,['M2+-independent'],"50 mM cacodylate pH 7.45, 0.5 mM MgCl, 150 mM KCI",30.0,10.1039/c7sc04491g
544,Dz7-38-32,TTACAGTGGTATCGATTGGGACGTGTGGAGCGTCAGGATGGTACA,0.2008542345,['M2+-independent'],"50 mM cacodylate pH 7.45, 200 mM NaCl, 1 mM EDTA",30.0,10.1039/c7sc04491g
545,Dz7-38-32,TTACAGTGGTATCGATTGGGACGTGTGGAGCGTCAGGATGGTACA,0.3970929686,['M2+-independent'],"50 mM cacodylate pH 7.45, 200 mM NaCl, 1 mM EDTA",30.0,10.1039/c7sc04491g
546,Dz7-38-32,TTACAGTGGTATCGATTGGGACGTGTGGAGCGTCAGGATGGTACA,0.2176021224,['M2+-independent'],"50 mM cacodylate pH 7.45, 200 mM NaCl, 1 mM EDTA",30.0,10.1039/c7sc04491g
547,Dz7-38-32,TTACAGTGGTATCGATTGGGACGTGTGGAGCGTCAGGATGGTACA,0.0497563362,['M2+-independent'],"50 mM cacodylate pH 7.45, 200 mM NaCl, 1 mM EDTA",30.0,10.1039/c7sc04491g
548,Dz7-38-32,TTACAGTGGTATCGATTGGGACGTGTGGAGCGTCAGGATGGTACA,0.0056992869,['M2+-independent'],"50 mM cacodylate pH 7.45, 200 mM NaCl, 1 mM EDTA",30.0,10.1039/c7sc04491g
